Date,fx rate,Uganda_imports,Tanzania_imports,Zambia_imports,Egypt_imports,S.Africa_imports,Zimbabwe_imports,Other_Africa_imports,UK_imports,USA_imports,Germany_imports,Italy_imports,UAE_imports,S.Arabia_imports,France_imports,India_imports,Japan_imports,Other_World_imports,UK_exports,Germany_exports,USA_exports,Netherlands_exports,Pakistan_exports,France_exports,Belgium_exports,Other_World_exports,Uganda_exports,Tanzania_exports,Zambia_exports,Egypt_exports,Rwanda_exports,Zimbabwe_exports,Ethiopia_exports,Somalia_exports,S.Africa_exports,DRC_exports,Other_Africa_exports
2023-12-01,154.09,2134,3470,340,4359,5125,450,3745,2435,8453,3382,1709,31030,5007,2500,19295,8877,131851,5148,929,5731,6758,7293,1263,442,39107,9536,5557,737,2475,3286,268,1472,1420,443,2283,6562
2023-11-01,152.03,4265,3816,533,4053,5969,203,5310,8551,9670,2942,1568,31670,11745,3479,19455,10643,153420,4558,972,5675,5863,8100,1178,365,43142,9675,6759,944,2689,3726,356,1254,1523,1020,3108,6786
2023-10-01,149.4,2728,3724,788,5526,7847,284,5504,3322,9147,2879,1449,41919,10269,4833,33670,7510,118037,5017,900,3965,5710,6632,1383,399,39296,9990,7437,879,3447,3652,301,1352,1918,548,2246,7511
2023-09-01,146.77,3092,3684,1053,3889,4690,54,4868,2810,7685,2769,1733,41587,18522,4814,17757,8610,104620,4348,1204,4232,5789,8451,1746,494,43614,11653,6972,781,2685,3662,218,929,2255,344,2668,7131
2023-08-01,143.93,3419,4297,1156,4185,6338,372,4700,2829,13390,3498,2586,50048,9073,3935,19228,8398,119500,4615,1348,5644,6580,9898,1575,597,41957,12170,6490,1007,3394,4226,162,1214,1654,1397,3076,7216
2023-07-01,141.45,3304,5378,1150,3812,7848,42,4060,3147,11290,2591,1584,32174,7781,2782,18568,8415,95512,4145,1442,6809,6123,5257,1329,813,36538,11723,5978,822,2425,3819,263,1211,1401,529,1879,6978
2023-06-01,139.73,3039,3915,599,4325,6748,791,2263,3588,12020,5178,1695,32248,7655,2330,21412,8748,108546,4199,1975,6054,6260,7326,1548,1087,37542,10806,5741,826,3290,3324,266,1846,1620,246,1826,5837
2023-05-01,137.26,4220,4094,379,4275,7350,60,2026,3344,11378,3547,1673,40741,12409,2700,26626,7840,112672,5052,1277,6497,8431,6726,1388,666,42572,10726,5999,764,2021,4256,226,1445,3105,894,2155,7236
2023-04-01,134.4,2601,2685,290,3578,8551,179,2445,2237,11277,3525,2508,28148,19241,1700,27650,7916,95540,4091,1459,4498,6596,5243,1105,442,32140,9908,3611,738,1605,3046,218,871,1725,291,1682,5474
2023-03-01,129.74,3191,2909,213,4741,7319,361,3682,2479,6916,2916,2678,13925,32265,2052,27320,8033,111778,4566,1716,5250,5975,5700,931,238,38696,11076,4922,682,2703,3272,159,1531,1474,705,1799,7036
2023-02-01,125.45,3016,2692,232,3313,5790,208,2441,2509,5766,3695,963,35619,7170,1436,13993,5670,93461,4716,1553,4396,6088,3868,963,328,37767,10043,4676,910,2284,2945,205,1477,2454,538,2160,5992
2023-01-01,123.93,2922,2386,181,3517,3267,93,9409,3658,5769,2995,1740,33077,4013,4376,24201,6822,105295,4230,1199,5512,5843,4435,1145,1806,32249,9930,4404,641,2199,3153,183,1162,1069,500,1564,4929
2022-12-01,122.93,3033,2579,348,3223,4343,259,7821,3286,7741,2578,1889,48884,1848,2490,16325,8972,101431,3526,1332,4592,5920,5809,783,546,30992,7966,5005,935,2348,3591,167,1317,1889,371,1855,4906
2022-11-01,121.9,3357,2844,494,4140,5799,124,4800,2898,7254,2392,1562,31677,11945,2058,16735,7500,102162,3684,1106,7594,6301,6273,640,517,34730,7170,4709,849,2295,2422,124,1288,1329,944,1783,5401
2022-10-01,121.03,3590,4355,807,2970,3758,129,3228,2195,9069,2378,1958,38083,7866,1074,14259,5780,101724,3235,1101,4632,6180,5466,809,365,30411,8859,5489,518,1024,3155,214,1455,1034,252,1734,5105
2022-09-01,120.42,2672,5065,1255,3724,4354,113,7168,2903,6711,6424,1615,31570,18360,1727,16474,7722,108004,3195,1496,8958,5342,5985,876,397,34837,9489,5215,357,2268,3976,0,1505,1891,535,1717,6155
2022-08-01,119.45,3536,5010,935,3360,3000,223,7527,3692,6792,2078,1423,46507,2119,2300,18790,9315,142436,3363,1144,6388,4667,4972,1001,648,32786,8684,5012,710,1785,3740,182,1107,917,557,1282,4533
2022-07-01,118.32,2530,6309,903,3971,9087,88,4187,2492,9309,2308,2045,32804,2506,1549,17322,7123,126352,3750,1438,7413,5256,4245,1126,1010,34518,9703,4476,663,2542,4895,233,1326,1752,1044,1270,5898
2022-06-01,117.29,2775,5564,831,4237,2998,4,3655,3285,5707,3586,5986,37573,10295,2032,33638,8272,114212,3454,1184,10517,5848,4709,820,626,36787,9337,4723,603,2621,3653,138,1614,997,487,1606,6464
2022-05-01,116.28,3261,4906,627,3430,6403,100,2960,2344,8750,2926,1828,33331,14385,2331,23696,9234,128106,4060,1287,6749,5859,4662,899,974,36929,9223,4293,645,2356,3940,187,1202,1101,473,1529,5243
2022-04-01,115.4,3222,4784,351,3677,3587,198,6771,2567,7611,2151,1162,34784,15741,1143,30751,8297,87267,3355,1621,7732,5797,5106,876,888,31814,5375,3702,639,2098,3202,304,1143,945,503,1149,6598
2022-03-01,114.32,3260,4675,577,4189,3386,144,9064,3644,11651,2159,1642,36265,10727,1608,21419,9312,111504,4293,1533,5762,6399,5442,781,1027,35884,7681,5385,606,2881,3325,482,1267,1376,840,1538,6671
2022-02-01,113.66,2535,4012,652,3190,10086,150,3078,3401,6069,2304,1877,23451,13229,1220,15144,9209,97602,4484,1238,4998,6105,5907,715,980,30044,7762,5548,440,2478,2502,548,1180,1171,480,1518,4975
2022-01-01,113.38,2121,3179,430,3849,4261,131,2701,2042,6705,3070,1719,12464,13012,1736,25494,6763,116915,4167,1466,4598,5977,5540,765,750,26012,5185,3017,455,2074,1772,167,527,912,364,829,4194
2021-12-01,112.91,1863,3544,414,4918,2958,126,3079,3628,7114,2937,1779,23831,7031,1802,22913,9777,119635,3757,1041,4970,4800,5747,580,937,30701,7111,4169,532,2228,4990,141,739,1260,384,1354,4898
2021-11-01,111.92,4876,4887,634,4748,3673,109,6845,3066,7029,2778,1662,12806,13396,1782,20633,7859,117019,4181,1120,5381,5897,6025,579,518,24986,9584,4072,558,1851,2642,113,934,1087,628,1229,4011
2021-10-01,110.86,2466,6150,598,3215,4228,199,4122,2206,7718,2154,1415,19562,14834,1299,19206,9784,105088,4121,925,4747,4776,4474,662,682,27837,9445,6233,615,1498,3233,139,476,1057,524,1189,3668
2021-09-01,110.15,2200,5836,525,4452,4506,38,2662,2763,13251,7830,2188,14405,15203,2542,22495,5946,99300,3355,1019,5051,4633,2990,805,557,24815,4108,5141,445,1486,1802,142,1033,1307,303,1519,4578
2021-08-01,109.24,2091,6549,669,4312,3854,5,2986,2733,6902,3414,1963,19660,10623,2493,15499,9012,96554,3403,1123,5018,4267,4113,972,570,28529,7701,3673,644,1805,2726,292,2413,1555,204,1407,4409
2021-07-01,108.14,1887,6431,679,3091,2576,8,2263,2352,6081,2905,3441,11580,9103,1226,20282,9484,108048,3875,916,7152,4760,4059,814,1068,24518,6945,4027,717,1113,2647,129,1548,1111,245,1306,4283
2021-06-01,107.81,2095,4039,530,4395,4966,4,2492,2784,6007,3499,2176,8881,2250,1588,21458,7432,98908,4308,875,5235,4582,3811,1069,760,24145,7535,3154,540,1214,2394,290,944,892,262,1492,4439
2021-05-01,107.43,1981,3643,756,4164,3543,205,2625,2858,5832,2925,2781,17776,4563,2043,16829,7336,95205,4235,925,4813,5793,4421,902,825,28231,8395,2735,316,1832,2208,776,739,2126,232,1181,4124
2021-04-01,107.95,2333,3037,548,3368,2952,374,3051,2401,4101,2779,1224,11953,11415,1498,21489,8772,93105,3099,795,3488,4758,3600,649,474,29816,7444,2989,1451,1683,1998,688,598,317,157,9943,3716
2021-03-01,109.73,3110,3438,273,4914,4653,591,3053,3484,9257,5617,2384,14751,8437,2420,19363,9321,107742,5422,2358,4670,5577,4756,1134,631,30597,8632,3418,1555,2487,2506,115,680,1298,259,1581,5147
2021-02-01,109.68,2690,3251,301,3243,2352,114,4190,2999,5463,2937,2497,8299,7734,1981,17488,6429,101156,5035,1922,3973,6312,4614,824,428,30226,8846,2859,324,2366,1794,72,857,724,620,1301,5139
2021-01-01,109.83,2742,2900,217,4068,3817,120,2687,2319,5491,3220,1201,15031,10091,1816,13322,6677,97735,4608,1251,5066,5512,4563,731,472,22779,5264,2456,317,1611,1579,85,673,699,140,953,5073
2020-12-01,110.59,3199,3291,282,4783,2986,544,5916,3064,4366,3189,2348,9574,3928,1722,15383,9728,105168,4437,1106,3726,4877,4072,718,679,25722,6849,3264,432,2060,2418,145,576,848,381,1299,6039
2020-11-01,109.25,2060,2375,425,3988,3479,455,2922,2242,4195,2181,3376,7489,6157,2265,16498,6902,84257,3981,1019,4577,4001,4864,683,446,20682,6129,2919,394,1486,2350,114,519,885,221,1335,3315
2020-10-01,108.64,2334,2352,455,4338,3078,858,3046,2524,4377,2258,1888,13898,3958,2166,15641,7288,88089,4015,1044,4763,5384,4021,606,296,22488,5939,2816,386,1794,2382,102,519,926,707,1163,3652
2020-09-01,108.41,2245,2970,494,4049,4188,384,1464,2537,4429,2210,1402,10029,11713,1378,14556,7555,83340,4126,1322,3992,5468,3989,919,470,24457,6901,2761,480,1712,2200,54,471,1263,436,1339,4082
2020-08-01,108.14,2010,2960,251,4175,2965,345,1735,2881,4581,7296,1968,3561,6229,2068,15621,7203,83416,3860,1460,5363,3507,5152,977,310,22359,8120,2721,555,660,2628,51,790,786,158,1196,5125
2020-07-01,107.27,1772,2785,272,3296,4539,310,1320,2062,4941,3170,2022,5965,5132,2274,15773,7389,86496,4060,1226,3765,3558,4116,913,559,23302,6484,2679,368,1306,2698,76,659,1640,128,1240,4538
2020-06-01,106.4,1929,1549,115,3553,3625,650,1525,2050,4556,3798,1878,4535,1729,2517,14207,5980,76695,3856,1085,5174,2617,4245,820,763,20373,5131,2202,380,1739,2124,64,860,721,70,1245,3509
2020-05-01,106.68,1287,1558,90,2781,3478,333,1818,2655,5470,3368,1482,3442,2249,1611,11375,5345,68775,3855,1379,2905,3380,5149,726,295,21333,4732,2010,284,1422,1431,57,721,1050,141,999,3220
2020-04-01,106.41,1369,2037,142,3131,3087,615,3078,1847,6398,3292,1443,6139,3740,1483,11616,7514,69863,4437,1431,2949,2800,5578,842,381,18696,2673,2030,326,1374,890,45,673,683,106,1101,3599
2020-03-01,103.74,1935,1655,275,2725,5464,717,2817,2734,4390,3236,1375,11533,9058,1436,21327,8043,68965,4282,1289,3698,4013,4667,673,434,33845,6817,3137,292,1601,2354,47,601,1436,189,1138,5658
2020-02-01,100.79,2079,1621,244,3965,3897,182,2214,1913,4232,2309,2637,3545,6309,2037,20992,6485,79108,4927,1253,3785,5192,4600,618,397,29456,6911,2235,268,1666,1963,65,989,630,692,1445,5669
2020-01-01,101.09,1750,2336,570,4068,4993,271,2739,2683,4372,3897,1769,12573,8801,2326,15598,8163,90257,4084,919,4681,3940,4204,657,1825,23030,5007,2615,276,2163,1772,317,498,510,252,793,5172
2019-12-01,101.5,2062,1474,446,2857,3341,358,4421,2640,4565,3205,1925,14765,15203,2578,11412,9798,85831,2996,717,3378,2998,3859,509,263,19628,5078,2294,351,1048,2020,56,480,935,607,1253,2977
2019-11-01,102.39,3258,2128,240,3034,5489,222,2596,3492,2960,3248,1961,18837,2193,2329,17945,9075,91658,3541,768,4579,3634,4244,655,470,23593,5536,3055,331,1743,2148,71,603,912,444,1127,4691
2019-10-01,103.67,3729,2251,356,5766,4825,237,3461,3368,5536,3756,1545,11291,11224,2298,14164,9538,91630,3540,803,3720,4663,4545,764,464,20965,6016,3822,331,1792,2122,37,608,1024,488,1105,3767
2019-09-01,103.8,5106,2149,816,3173,6211,278,3797,3183,6726,3128,2590,11985,10099,1567,16425,6942,80519,2561,763,5254,3081,3372,559,464,19966,6089,2901,423,1478,2112,35,483,648,125,866,3493
2019-08-01,103.3,3121,2847,1103,4131,7022,317,3573,2982,5076,3334,1345,8880,5631,2797,20227,9214,78997,3288,850,4494,3746,3199,758,527,23091,4577,3119,385,2001,2420,39,611,696,210,1193,2843
2019-07-01,103.16,3057,3715,870,4233,8644,389,1900,2341,6060,7364,1666,13758,15620,1568,11679,8910,75980,3555,831,4375,3266,3209,870,525,24484,5669,2631,488,810,2530,51,756,1159,204,1061,4901
2019-06-01,101.69,2345,3046,450,2514,7691,250,3215,3149,3748,2610,1057,15736,12975,1270,12274,8952,79976,3860,986,4393,5683,2493,716,574,23102,5332,2636,373,1414,1873,48,763,1320,197,1178,2976
2019-05-01,101.15,2580,2592,512,3430,7257,477,3038,3180,8921,3381,1708,19304,9276,2199,18010,7318,75284,2009,1139,4193,2599,3468,455,698,22776,4761,2657,330,1712,2111,125,366,911,103,1147,3724
2019-04-01,101.07,2240,2278,354,2857,6145,683,3007,2559,4828,5865,1922,21751,8056,1478,19518,9786,68243,2709,1263,5315,3841,3791,621,478,21627,4428,3083,354,1657,1613,55,520,1080,165,1201,3908
2019-03-01,100.36,2239,1874,1011,3454,5636,394,3346,3118,4081,2792,1216,6610,17192,3044,10947,5564,65051,3702,1035,4279,4852,4309,661,836,23382,5506,2368,365,1732,1608,138,427,966,278,1011,3068
2019-02-01,100.23,2256,1400,170,2938,4997,384,3014,2614,5122,4544,2597,9849,6618,1518,13223,6505,84682,3734,1234,3652,4924,4298,603,615,22400,5249,2748,339,1464,1420,67,574,1425,304,1256,3190
2019-01-01,101.58,2293,1763,356,4184,6783,326,4043,2640,4649,3212,1594,15110,13078,2045,13050,7831,85928,4419,896,4283,4682,4452,625,1427,22674,5461,2294,294,2077,1198,256,324,759,168,1066,4014
2018-12-01,102.29,2095,1383,482,2920,4954,371,2584,2790,3312,3993,1705,6245,17034,2081,10501,8058,66014,3231,584,3027,3356,4022,492,625,19814,5006,2697,497,1653,1262,75,421,831,391,938,2771
2018-11-01,102.36,3098,2003,584,3300,5792,286,2299,2787,3656,3032,2535,15162,12713,2802,13644,13797,77571,3154,957,4605,3036,4573,638,411,21878,5248,2200,431,1119,1767,104,429,1293,254,1108,3137
2018-10-01,101.08,3087,1733,933,2897,5557,403,2233,2459,4055,4873,2053,15988,17310,2268,15204,8760,70717,3280,913,3752,3700,4286,665,298,22792,5509,2667,450,2098,1312,84,440,1219,339,1531,3148
2018-09-01,100.83,3666,1354,672,2718,3254,259,2689,2262,3543,3673,1551,9724,4558,2035,24813,8915,65468,2918,722,4085,3757,4647,867,221,20436,5229,2305,413,1591,1237,100,698,1252,472,1347,2465
2018-08-01,100.61,3421,1121,394,2468,4732,106,3433,3093,3400,3345,2642,11004,20263,1805,14726,8324,75973,2589,626,4810,3130,3815,778,334,25448,5311,2608,376,1538,1830,79,929,1275,1533,1255,3131
2018-07-01,100.67,4058,1768,362,3631,5954,103,2029,2761,3913,4132,1491,8140,21452,2367,14313,9138,78988,3743,969,5322,3709,5370,686,455,24232,4552,2464,421,1383,1462,91,433,1091,309,1178,3681
2018-06-01,101.0,4544,1069,403,2977,6145,1,1777,2769,2684,3184,2100,8831,18885,1698,9084,7345,79801,3554,1113,4518,3478,5452,561,326,25031,4922,2012,425,1951,1361,63,689,1396,294,1133,3579
2018-05-01,100.66,4959,1372,322,2862,5485,35,1799,2639,3114,6627,2936,16078,13494,1574,18142,5609,92323,3286,1239,4336,3875,4528,800,571,25813,5672,2815,481,2380,1775,110,522,1391,111,1802,3386
2018-04-01,100.61,3714,1455,194,3503,5556,13,2564,2289,4636,3995,2531,22353,10404,1916,16569,7505,72247,3306,1151,3598,4122,4078,723,290,24862,4262,2639,399,1017,1954,115,460,1354,115,1325,3856
2018-03-01,101.18,4305,1226,447,2551,6447,74,2268,2256,6666,3772,1632,18589,14032,1373,11455,7849,77967,3345,1073,3642,5171,4271,658,877,22822,5581,2370,547,1185,1398,50,334,1231,210,1266,3445
2018-02-01,101.4,5546,1646,845,3411,4902,53,2260,2291,5846,2985,2519,9906,9645,2084,15333,6067,67366,4284,1020,3060,4680,7013,536,748,25068,5838,3010,453,2016,1140,159,381,1406,207,1162,3346
2018-01-01,102.92,6943,1688,1246,3102,5955,64,3060,3160,8422,2987,2036,5397,12913,1926,21469,8455,84798,3474,793,2544,4324,7332,521,1188,24361,4749,1967,397,2195,1345,117,606,1335,153,1132,3260
2017-12-01,103.1,6407,1871,1556,2844,4189,94,2555,3101,5019,3222,1882,15489,9153,1922,12112,7905,77770,3241,704,3340,3677,5903,596,358,21391,5221,2268,340,2609,1258,159,476,1525,272,1809,3378
2017-11-01,103.57,7587,1916,384,3634,4602,367,2091,2624,4941,2800,1270,13446,10493,1716,14983,5959,75317,3038,1043,3819,3664,5949,433,327,21915,5601,2871,423,2216,1381,100,643,1403,186,1178,3784
2017-10-01,103.39,2925,1306,1102,2429,4878,213,2552,2135,3402,3836,1436,8440,15241,1672,13069,7519,86229,3539,868,3664,3451,5751,501,274,22972,4075,2626,301,1364,1410,97,438,1458,200,1777,3224
2017-09-01,103.12,4005,1545,446,3264,5515,244,2460,2676,3697,5334,1600,16308,2536,2299,13198,5652,82973,3081,681,3951,3409,5642,703,267,21998,5792,2631,427,2221,1682,88,750,1346,187,1567,3327
2017-08-01,103.56,2903,1307,402,3015,5781,232,5806,2372,3504,2491,2250,14528,10109,2779,10784,5500,84194,2858,672,4048,2644,3988,951,263,18015,4461,2551,265,1214,1397,115,559,1393,274,1305,2745
2017-07-01,103.88,2725,1398,1400,3160,5743,439,2632,2262,6236,5789,2170,17883,7444,1988,10274,8432,97352,3651,797,5105,3208,6106,817,519,23627,5372,2330,346,1388,1862,131,549,1819,322,1658,4096
2017-06-01,103.49,3504,1245,1011,3119,6952,13,3197,2383,4253,5063,1036,11279,6042,3226,14889,7102,80789,3348,908,4665,3488,5830,656,400,23775,4878,1882,359,1745,1417,204,654,1464,168,1549,4252
2017-05-01,103.26,3620,1550,571,2697,4960,212,3483,2951,4572,3241,2320,9188,8409,3511,19755,7166,85349,3188,1309,4373,4171,5492,689,644,25152,4774,1958,377,920,1479,117,670,1640,261,1764,4282
2017-04-01,103.33,1551,1075,192,2054,5214,177,2732,2208,7252,2464,2032,8867,8811,1973,13507,7562,69171,2553,1346,3457,3833,3770,610,430,21466,4770,1644,244,933,1385,130,662,1599,207,1307,3635
2017-03-01,102.85,2310,1132,269,2863,5420,563,1867,2870,6633,3401,1998,5663,12798,1776,17598,8081,74891,3292,1244,3909,3996,3958,775,1164,25672,5817,2828,244,1398,1433,116,720,3177,340,1962,4333
2017-02-01,103.64,2325,1168,231,2619,3951,357,1874,2026,4671,2645,2242,8041,14021,2335,10524,4717,75668,3413,1228,4035,4549,4345,523,818,19277,5674,2562,256,1533,1270,193,492,1423,201,1631,2974
2017-01-01,103.75,2180,1667,178,3685,4675,35,2125,2443,3198,2702,2152,9227,9551,1639,19717,6068,89362,3352,940,2906,3803,7323,520,562,20216,5381,2368,287,1464,1151,55,369,1414,141,1372,3712
2016-12-01,102.13,1530,1056,197,3259,4809,356,2655,3116,3988,3578,2434,4644,6441,1623,18198,7101,67085,3136,888,3381,3166,4291,440,827,20900,5145,2741,356,1769,2183,21,730,2173,149,1424,3311
2016-11-01,101.75,3141,1173,375,3418,4445,139,1962,2853,3311,3648,2365,7277,6932,1686,16383,7246,73186,3356,1042,4374,4276,5378,714,193,21089,5275,3195,407,760,1229,63,453,1699,309,1867,3467
2016-10-01,101.32,2308,966,289,2401,3886,286,1794,3063,2624,2879,2107,9442,9386,1574,16571,5080,58566,2129,830,3311,2593,2952,527,214,20632,5349,2448,443,1066,1103,54,358,1528,327,1871,3407
2016-09-01,101.27,2143,1043,307,3367,4977,136,2628,2387,3616,3074,2299,10290,5272,1907,13652,6749,70205,2783,969,4364,3267,3026,666,273,21512,4552,2631,343,1861,1315,81,819,1656,155,1912,3148
2016-08-01,101.41,1439,1236,387,2234,4259,2,1814,3065,3793,2935,1785,9860,5118,1932,15750,8165,76262,2986,888,3805,2895,3195,496,246,23485,4899,2379,391,1810,1682,131,1023,1493,253,2005,3048
2016-07-01,101.33,954,1270,298,2321,4626,1,805,2614,4955,3803,1938,11581,6172,2062,10612,7830,61128,3054,989,4874,2844,3380,534,325,21672,6118,2091,443,2097,1422,88,890,1364,152,1479,3199
2016-06-01,101.15,1697,1271,228,2272,4553,0,1781,3038,4483,4212,2163,11644,5659,1906,16797,6229,66534,3130,979,3784,3125,4994,536,328,22009,4664,2767,400,1896,1599,139,703,1296,324,1716,3538
2016-05-01,100.73,1269,1061,139,1882,4751,8,2246,3216,3936,3842,1873,5190,3068,1573,20838,6011,61870,2979,1070,3361,3789,3164,500,541,24953,4221,3439,514,1846,1221,52,747,1905,520,1499,3861
2016-04-01,101.23,814,983,644,2302,3631,11,1881,2863,6072,3915,1894,7145,8121,1729,19605,7499,62336,3162,1493,2997,3572,2451,585,330,20809,6323,2459,521,2118,1593,87,524,870,372,1605,3213
2016-03-01,101.49,1033,846,372,2227,3629,118,3200,3124,3888,3811,1305,3492,5404,1916,22702,6377,58773,3490,1326,3129,5040,2351,566,946,24938,6268,4038,463,1938,1511,57,450,1667,278,1585,5736
2016-02-01,101.93,1179,916,544,1746,2838,9,1146,1866,3778,3570,2083,5972,2505,1753,17888,8023,50183,3456,676,3109,4671,2569,369,708,26832,4707,3350,503,1842,1289,67,659,1093,810,1534,4144
2016-01-01,102.31,1769,984,420,2613,3455,192,895,2282,3376,4088,1493,4944,5180,1872,16505,6100,57189,3921,714,2865,4254,2503,480,462,23304,4644,3259,387,1617,1353,74,696,1188,502,1538,3250
2015-12-01,102.2,1348,834,154,2500,3735,6,2354,2850,8496,3169,1619,8899,1531,2437,24535,7777,59401,3283,585,3358,3360,4631,585,367,24891,4550,3176,330,2112,1476,86,596,1688,375,1996,3981
2015-11-01,102.17,2827,871,224,2604,5520,69,1810,2966,49517,3069,2183,6152,2462,1187,23354,7780,58875,3335,489,3990,2576,4305,489,320,23501,4749,3412,287,1492,1289,103,536,1238,423,1822,3998
2015-10-01,102.78,1736,769,341,1773,6303,1,914,3181,3019,3149,1438,8728,6906,2270,18567,7679,65402,3957,515,2953,3598,4509,515,463,24706,5402,3181,308,2379,1369,167,480,2052,692,1648,3396
2015-09-01,105.28,2111,1326,428,2388,6018,65,1692,3015,4395,3584,1625,6360,2046,2273,23958,7925,77544,3392,651,3212,3533,3514,651,384,24523,5611,2809,665,1663,1729,64,615,1112,310,1988,3672
2015-08-01,102.43,1437,1514,394,1528,5227,0,1667,3340,3976,4811,2627,13026,1740,1709,19933,8592,60715,4120,767,4930,4582,1972,767,514,25426,8213,2344,550,1440,1975,90,613,1116,265,1720,3771
2015-07-01,101.2,1438,1974,300,2445,5670,13,1243,7399,4877,4618,2250,9916,7550,1985,13235,7631,79022,3930,579,4386,3785,2845,579,585,27159,10328,2765,692,2148,2245,175,761,1478,400,1423,4734
2015-06-01,97.71,2228,1725,218,2266,4861,13,1362,3005,3935,6712,1739,8787,3026,1801,24526,7138,62637,2669,733,3540,2310,3515,515,328,24249,4947,2765,709,1958,1722,50,1111,1388,261,1580,4723
2015-05-01,96.39,1465,2022,204,1756,5148,3,1157,3981,16707,3955,1763,5592,8078,1739,24414,7316,65346,2685,521,3125,3000,1764,521,410,24051,5049,3497,400,1342,1250,55,362,650,167,1716,4282
2015-04-01,93.44,1111,2013,410,2582,4812,30,2227,3902,12854,3717,1691,10849,5253,1526,15105,8330,61697,2699,503,2574,3807,1352,503,204,19972,4410,2176,427,1681,1176,107,494,1155,242,1515,3731
2015-03-01,91.73,1237,1263,324,1522,5673,15,1412,3418,4084,3421,1599,4521,4308,1581,19371,6469,57630,3681,387,3188,4035,1800,387,331,24120,5420,2718,620,1639,1457,84,706,1500,330,1840,4480
2015-02-01,91.49,3128,1405,376,2066,3481,7,1491,2651,4724,3844,2093,3502,3745,1197,20201,5538,62168,3527,1091,2702,4057,2997,295,269,18543,5599,2236,476,1329,1060,68,455,926,393,1682,3622
2015-01-01,91.36,2217,1191,522,2386,4864,2,1332,3263,9458,3333,2095,4242,8660,1358,25325,6065,58986,3390,1313,2767,3399,2047,266,364,20071,4296,2267,445,983,1202,168,424,907,481,1744,3257
2014-12-01,90.44,2124,1270,372,3398,4644,34,1529,5666,6142,4740,1256,3633,5654,1599,27461,9950,67439,3006,791,2671,3285,2801,282,293,19084,4332,3504,540,1108,1017,108,677,881,254,1830,3637
2014-11-01,89.96,3214,1638,283,2149,5245,7,1232,3268,12662,2813,1637,6517,9665,1310,18199,5613,54672,2362,801,3601,3201,1802,310,407,21302,4855,2706,578,1547,1222,133,786,1177,452,1712,3357
2014-10-01,89.23,2612,1860,547,1926,7302,2,1093,4041,29507,3433,2241,12972,2451,2231,22548,7050,63627,2843,555,3512,2951,1439,412,488,23246,4474,2780,483,1440,872,151,402,574,547,1569,6556
2014-09-01,88.84,2683,1459,338,2070,4958,6,1128,2983,14345,4320,2793,6991,8432,4286,21930,7606,81291,2856,592,2946,2840,1707,593,592,18493,5185,3582,673,1086,1099,59,495,1163,288,1659,4024
2014-08-01,88.11,904,1353,882,1845,4362,13,1124,3230,23925,3873,1905,11267,2146,2104,19126,7564,64462,2944,541,3465,2245,2068,590,1567,21352,4373,3619,557,1197,1356,90,392,930,512,1888,4687
2014-07-01,87.77,875,2349,264,2044,4527,104,1014,4154,30588,3322,1589,10345,7003,1475,25363,7403,52970,3274,1196,3639,2935,2248,621,586,21958,904,4090,523,1551,235,119,523,1208,1009,2044,5172
2014-06-01,87.61,917,2133,163,2000,4467,3,1422,3263,3863,3435,1259,5733,2040,1314,18896,6795,62626,3149,991,3697,3753,1723,423,885,20567,3736,3314,605,1920,1334,120,556,642,613,1968,4163
2014-05-01,87.41,711,1825,329,2278,3325,9,1129,3435,21224,4239,1334,10899,2683,1648,26414,6930,68348,2870,1402,3604,3665,1759,599,488,22886,4642,4279,593,1674,1232,167,748,1025,388,1911,3648
2014-04-01,86.72,643,1138,291,2379,6951,110,2067,4244,13062,7096,1279,10818,2730,1537,31811,6381,53377,2957,927,3192,3274,1711,493,349,26608,4697,3448,627,1339,1291,228,1012,1282,621,1575,6102
2014-03-01,86.49,699,1185,295,1191,6635,25,924,4244,13062,7096,1279,10818,2730,1537,31811,6381,53377,3474,1185,2858,4202,1317,483,445,24061,5566,3457,438,1785,1477,166,570,1799,557,1749,4658
2014-02-01,86.28,576,1214,374,2178,5355,120,2511,3428,4301,3327,1768,7351,5525,1325,19390,4266,51036,2915,917,2614,3817,1360,406,333,19226,5830,3962,458,1268,1125,194,298,1278,398,1507,3892
2014-01-01,86.21,1594,940,244,2076,6125,62,755,6035,5258,3985,1861,8300,4253,2033,16962,9350,65953,3266,886,2490,3819,2086,451,328,18448,6463,3271,548,1554,1289,127,351,905,145,1407,3165
2013-12-01,86.31,1403,907,233,1532,6427,61,1142,3193,3894,3345,1962,5603,4235,2077,32594,7941,47711,3203,664,2013,3092,2476,381,571,18777,4756,2606,486,1770,1093,66,331,1267,461,1484,3492
2013-11-01,86.1,2082,868,129,2518,5666,42,1380,4286,3832,2578,1646,8869,3133,2238,14758,7506,61513,3302,738,2673,2952,2038,342,722,20311,5951,3828,539,1444,1275,319,603,983,434,1446,3538
2013-10-01,85.31,3203,1259,250,2430,6643,83,966,4054,4737,3634,1648,6432,2352,2789,34138,7907,57874,3216,638,2590,2956,1251,586,751,17102,5192,4017,641,948,849,179,364,1141,227,1369,3535
2013-09-01,87.41,1334,970,211,1417,4584,24,3198,4141,4866,3074,3489,3152,2769,1572,31024,6112,47534,2813,580,2495,2150,1277,611,990,20685,4912,3767,557,1021,1007,200,423,1990,245,1610,2964
2013-08-01,87.49,1137,990,320,2124,9852,83,980,3625,4637,3163,1569,8778,6185,1325,15268,9054,56188,2737,514,3183,1654,1409,522,538,20102,5077,3601,490,1473,1295,86,288,1165,474,1483,3544
2013-07-01,86.86,512,1138,634,2302,6280,99,1862,4107,5973,3875,1261,6787,1605,1624,17666,6928,68102,2899,538,2837,2737,2574,349,390,19172,5426,3670,621,936,1094,166,441,1375,204,1683,3587
2013-06-01,85.49,1027,815,155,1816,5374,16,611,3711,4509,2723,1004,3257,1358,992,24197,7116,42820,3113,810,2599,2102,1933,333,323,18689,4359,3112,462,1272,1332,151,428,1341,181,1447,3214
2013-05-01,84.15,775,1172,111,1835,5365,98,1839,4584,4505,3254,1638,19605,3728,1759,15882,6289,47093,2970,899,2360,2847,1561,358,380,21556,6023,3080,597,1567,1298,140,485,1993,120,1402,3679
2013-04-01,84.19,728,877,365,2177,5731,1,1308,4766,5223,4274,1465,12936,5529,1273,15682,7462,54323,2822,644,2587,2745,1381,618,313,20012,6593,3238,540,1635,1128,77,450,1327,209,1722,3657
2013-03-01,85.82,1070,666,120,2006,5686,57,2252,3038,4064,2905,1930,19509,3691,1110,8757,6126,51999,2806,756,2143,3058,1792,386,378,17994,4616,2748,374,1478,875,153,357,1126,278,1256,3975
2013-02-01,87.45,858,1226,196,2272,4865,70,1519,4502,4881,1932,1604,11654,4954,1720,21511,4570,54225,3806,764,2399,3348,3340,433,490,20426,7101,3373,544,1221,1053,105,462,1662,213,1911,4018
2013-01-01,86.9,1957,778,168,3174,4191,186,2968,5011,6272,2730,1098,10768,1885,2177,25159,6286,65188,3925,698,2059,2936,3100,461,347,21362,5813,4178,505,2238,1345,168,252,1572,229,2068,3742
2012-12-01,85.99,904,1109,542,1402,4841,69,1171,3199,4632,2686,1512,11787,3104,3996,20640,7570,53091,3192,597,2033,2724,2477,324,303,19112,4464,3663,589,1263,1039,121,357,1278,122,2102,3073
2012-11-01,85.63,1386,1466,185,2374,6258,100,1496,4345,4175,4119,1481,13272,2413,2001,19297,6318,66216,3403,845,1918,2709,3158,337,350,21025,6052,4139,638,2122,1360,183,399,1778,203,1677,3642
2012-10-01,85.11,1472,1192,121,2056,4990,25,1137,4795,4120,4034,1332,7038,5620,2762,19036,4355,52844,3756,728,2265,3427,2384,509,416,22974,5501,4347,810,2236,1458,228,284,1754,340,1312,3706
2012-09-01,84.61,2348,1053,102,1840,4751,28,821,3419,5070,3363,1946,7379,6188,2357,14210,4511,54274,3468,695,2399,2171,2087,601,390,18573,5895,3611,544,1936,1326,160,401,1320,322,1309,3801
2012-08-01,84.08,1477,1147,200,1697,4279,24,806,3488,7021,3922,3804,12264,5159,2470,13661,6658,53377,3534,956,2716,1809,10,465,411,22577,5543,4277,597,1586,2149,189,233,1344,381,1675,3610
2012-07-01,84.14,1839,1241,452,5936,5404,133,1051,3822,7712,2925,2044,14358,3810,1647,21939,6020,53736,4004,576,2701,1950,1296,429,527,20992,5553,3404,625,1471,1278,123,435,1473,306,1528,4016
2012-06-01,84.79,1215,1072,249,2677,5383,22,1129,3021,4456,4415,1313,17145,5551,1897,11947,4586,52344,3440,1032,2772,2176,1709,413,288,18954,5174,3629,512,1675,1315,128,385,1589,98,1202,4290
2012-05-01,84.38,910,1395,178,2896,6264,263,1371,4915,7678,3990,1612,11874,8016,2260,22071,6090,54007,3292,1100,2084,2800,1108,378,328,19922,5809,4124,489,1421,1135,128,397,2193,187,1466,4526
2012-04-01,83.19,1066,1337,162,1601,4803,108,1696,3342,6464,2914,1078,9561,2524,1491,19025,4365,47198,3127,786,1864,2722,1400,475,535,20585,4066,3045,378,1433,964,85,485,1561,141,1342,5040
2012-03-01,82.9,764,1322,256,3505,6620,43,1078,3093,5894,3746,1476,28534,12718,1976,8415,5195,46954,2833,910,1967,2771,1756,441,697,20397,6603,4112,466,1876,1525,97,429,1975,118,1649,2600
2012-02-01,83.18,844,1011,178,1976,3932,126,1675,3219,5790,2932,1705,6975,6888,1934,13755,3130,51800,3214,860,1982,3026,2274,319,617,19362,5996,4361,640,2068,1333,174,355,1427,294,1448,2227
2012-01-01,86.34,1096,1057,255,1887,4536,113,1933,3195,2967,2514,1434,9814,4925,2303,11250,4435,54285,3367,687,1695,2770,2461,223,405,19002,6056,3322,379,2377,1269,105,417,1544,173,1718,3386
2011-12-01,86.66,802,985,657,1482,5417,62,4235,4007,4244,2667,1944,21511,7902,1959,11393,5955,49937,3672,400,1828,2310,2073,258,359,19871,5906,3456,409,1788,1133,155,332,1966,204,1514,3278
2011-11-01,93.68,878,1224,465,2125,6708,17,5485,3200,4598,3391,1600,19170,12336,1845,12028,5376,56065,4600,550,1885,2900,1890,366,508,18984,6973,3697,528,2178,1181,219,373,1634,226,1558,3992
2011-10-01,101.27,1307,1255,937,1278,6011,383,2059,3785,3979,2503,1117,19549,9281,1917,10174,4848,52574,4506,808,2137,2860,1892,510,333,20884,5576,3899,541,1864,1199,199,295,1980,321,1826,3587
2011-09-01,96.36,1540,778,942,1610,6086,110,3424,5055,5045,2733,1307,12484,2578,1938,17491,4456,64528,3681,811,2444,3180,1454,557,379,20989,6818,4456,600,1489,1343,157,490,1882,269,1640,4636
2011-08-01,92.79,804,1086,556,1535,5518,121,3163,4731,3425,2758,1118,21191,3891,1930,11048,8628,71884,4079,680,3356,2117,2028,517,282,19490,6819,3879,640,3023,1216,96,835,1826,218,1576,3581
2011-07-01,89.9,588,1404,495,1251,6943,311,1527,3541,4365,3322,1588,12466,1853,1520,10152,4794,52354,3579,510,2398,2309,1968,387,185,20134,6410,4125,428,2661,1093,172,408,1098,205,1637,3405
2011-06-01,89.05,1211,2664,351,2042,5071,121,1067,3144,3051,3112,1027,18393,6156,1497,11159,4308,47388,3852,497,2645,2948,1737,466,274,18974,6774,3163,603,2484,1246,108,531,1260,223,1465,4039
2011-05-01,85.43,536,1307,302,1414,5179,134,2628,4901,3190,2726,1364,18034,3183,1280,15160,5413,56400,3697,740,2190,2720,1171,514,300,18276,6543,3145,431,1478,1091,97,332,1271,320,1278,3610
2011-04-01,83.89,669,1409,237,849,6096,126,1541,3055,2254,2251,708,13198,1748,1376,11904,3644,40756,3673,529,2089,2811,1242,551,505,16784,6222,2713,602,2299,1069,56,351,875,131,1166,3408
2011-03-01,84.21,665,891,160,1473,7883,138,2378,3141,5670,2452,1318,18716,1889,1527,11815,4363,50958,3674,665,1802,3177,1808,579,241,20603,6141,3415,607,1771,1150,124,236,1019,276,1512,4149
2011-02-01,81.47,910,1593,181,1182,5016,7,978,2379,2336,2174,579,12083,1032,1475,11783,3914,42788,3685,743,1548,3010,1732,499,760,16453,5767,3186,365,1404,916,96,242,1029,247,1332,3300
2011-01-01,81.03,426,1075,292,1629,5353,130,972,2269,2410,1893,845,12596,1843,1610,14665,2985,44059,4032,644,1388,2439,2014,406,282,14746,6006,2532,383,968,916,105,398,758,193,1033,2498
2010-12-01,80.57,823,923,159,1892,6627,63,1873,3556,6159,2163,875,7592,1943,2667,11810,10442,39579,3596,634,4291,2763,1996,570,261,16680,5172,2670,407,1593,1048,58,420,1422,228,1266,3336
2010-11-01,80.46,460,883,373,1789,5010,49,1336,18516,2967,2124,804,7398,5499,2369,8567,4996,44475,3889,620,1695,2692,2032,531,349,17309,5269,3450,432,1446,866,98,330,1141,221,1150,3109
2010-10-01,80.71,854,888,267,1716,4832,4,736,2363,2708,2229,860,12441,2256,1585,10337,3809,39262,2946,575,1705,2402,1249,506,285,13932,4855,2729,595,1068,826,69,242,912,275,956,3027
2010-09-01,80.91,880,1188,328,2204,5412,11,1414,2514,4077,2501,754,11045,858,1692,7440,4726,47621,3301,775,2368,1845,1121,563,347,15203,4941,3242,425,1338,966,64,299,1003,282,1258,3522
2010-08-01,80.44,1653,1076,237,1449,4667,5,1015,2341,2385,2087,1253,6385,1174,1261,8381,4857,38225,2572,428,2055,1551,1492,467,208,12607,4371,3121,397,1437,727,65,343,706,117,1286,2528
2010-07-01,81.43,352,703,309,1574,4614,14,1472,2806,2555,3465,959,9996,1565,1484,7600,3867,41654,2949,538,1683,1576,1399,436,174,16866,4743,3046,389,1425,886,68,335,1178,203,999,4016
2010-06-01,81.02,660,587,154,1404,4388,0,1680,3435,2841,2006,775,11065,1446,1625,7595,4211,39823,3172,667,1651,1899,1684,338,421,14961,3960,2861,512,1425,951,55,469,951,253,1068,3210
2010-05-01,78.54,1229,675,137,1930,4961,59,649,2449,2280,1614,1377,15949,1119,1283,11148,4128,34008,3210,663,1686,2408,1303,315,273,15391,3692,2497,352,1804,827,76,614,1199,122,1052,2912
2010-04-01,77.25,365,837,177,1107,4650,125,640,3712,3804,2024,1616,8790,5881,852,6345,5588,28846,3271,686,1371,2148,939,356,441,13936,4044,2521,367,1555,1041,36,258,1153,140,761,2935
2010-03-01,76.95,670,1201,132,1441,4576,147,1415,2486,3766,2044,650,12507,3254,1776,9814,4901,29459,4109,736,1257,2763,1341,468,478,15094,4150,2695,395,1652,790,50,409,1089,179,1051,3481
2010-02-01,76.73,652,558,138,1170,3223,50,579,2217,2412,2150,795,3839,4960,1216,6217,3468,29829,3616,647,1460,2320,1806,285,371,14778,4055,2297,208,1721,865,60,362,1341,292,1112,2485
2010-01-01,75.79,630,1038,48,733,6877,45,1003,3357,3361,1982,1264,9043,2319,842,7998,3278,30878,3522,548,955,2430,1707,251,523,13971,2857,2186,210,1652,742,42,305,961,130,833,2231
2009-12-01,75.43,350,972,229,995,4936,31,1282,2319,5050,2535,1065,13675,5123,1243,8017,5140,29171,4078,628,1179,2867,1301,321,260,12052,4265,2101,344,1218,1075,28,300,686,235,882,2250
2009-11-01,74.74,254,966,151,1351,6512,3,1211,2688,4762,1699,592,10148,1713,1321,7366,4304,28045,3158,489,1146,2122,1646,232,131,13032,4083,2626,418,1213,755,56,343,859,172,933,2342
2009-10-01,75.24,329,786,128,996,5261,1,1178,3178,6663,1830,1303,7220,2023,1261,9425,4754,29440,3391,534,1346,2015,1215,369,367,11681,3651,3074,490,701,703,46,484,957,200,904,2719
2009-09-01,75.61,352,598,145,928,5655,1,466,4238,3524,1892,1131,12146,2793,1035,7012,4874,25061,3334,627,1352,1982,1266,291,254,12590,3321,2794,394,1268,873,20,376,796,234,909,2821
2009-08-01,76.37,368,444,154,591,4108,8,1347,3141,1839,2019,1100,9426,1359,1541,7726,4235,23274,2978,515,1650,1520,927,360,245,13286,3376,2258,433,932,825,35,339,1850,375,929,2217
2009-07-01,76.75,993,478,104,598,8634,3,640,4881,3413,1814,946,6395,1234,971,4958,3674,26820,3502,578,1409,2257,1584,356,268,12876,4676,2893,454,1133,847,28,366,959,177,1063,2777
2009-06-01,77.85,321,551,78,606,6582,19,440,3567,2147,1684,1257,9905,1934,1038,6853,3767,24177,3073,611,1611,2148,1220,334,295,11976,3348,2694,450,858,704,21,330,1084,326,939,2766
2009-05-01,77.86,343,411,157,477,5314,6,467,2088,3862,1550,920,3406,2857,990,5937,4694,27079,2499,654,1803,1945,928,303,358,10863,3596,2078,363,750,764,36,319,864,143,900,2107
2009-04-01,79.63,282,587,129,737,6091,11,557,3981,4046,1701,1283,2643,2241,1596,8342,3552,30324,2934,727,1257,2001,967,303,294,10853,3762,2465,393,786,740,8,273,867,373,843,2483
2009-03-01,80.26,137,872,129,718,8615,111,1079,2364,4230,2198,687,5790,1473,1792,5663,3076,25408,3379,548,1761,2448,762,478,423,13969,4062,2446,437,1194,727,28,414,1242,683,1066,2580
2009-02-01,79.53,428,615,123,619,4739,344,820,2069,2125,1553,2348,5642,2806,1567,5370,2265,30078,3200,662,1747,2545,1279,489,206,11184,4404,2103,360,858,815,29,296,762,274,1105,2377
2009-01-01,78.95,270,528,44,982,4113,64,616,2371,8393,2255,1257,3315,1966,1531,6572,4522,29883,2970,731,1162,2481,2078,406,288,10028,3697,2555,293,963,708,22,379,289,382,852,1961
2008-12-01,78.04,47,546,179,1124,3830,19,983,3015,1739,2592,1421,6637,3148,2548,6200,4774,32663,2939,534,1789,2140,1518,365,188,11326,3972,2656,325,1917,773,20,260,1093,171,850,2619
2008-11-01,78.18,722,830,110,1274,7604,3,955,2602,2183,2651,761,5248,997,1655,9794,3518,31375,3057,474,1888,2136,1055,315,306,12551,3272,2763,402,1243,725,20,257,1049,666,1047,2327
2008-10-01,76.66,1162,569,65,889,4723,3,2360,3854,2538,2402,1285,7753,1414,1471,7769,3677,37968,3608,641,1670,2559,1118,454,174,13745,4154,2704,535,1713,1072,32,375,1042,217,825,2454
2008-09-01,71.41,257,588,357,584,3642,28,858,1873,2108,3167,1529,12326,4813,1385,8706,3606,31617,2964,540,1916,1819,973,442,208,12008,3523,2907,511,1187,846,9,389,790,275,907,2896
2008-08-01,67.68,451,587,270,814,3314,6,750,2569,1876,2707,1171,6508,2488,1007,10099,4063,36842,2982,328,2231,1665,1275,435,177,12816,3562,2791,427,1490,1209,9,317,982,591,854,2507
2008-07-01,66.7,299,756,157,1287,3887,3,1746,1775,2629,2189,168,19339,2048,1156,7921,4811,24376,3188,373,1590,1705,2054,526,221,12876,4211,2599,536,996,992,35,368,1140,137,1047,2862
2008-06-01,63.78,557,689,171,945,3313,11,718,1835,1442,1583,896,3515,844,889,6384,2904,26351,2869,449,1666,2126,1180,365,232,10453,2766,2533,463,671,607,3,219,834,148,817,2193
2008-05-01,61.9,200,578,128,645,3006,35,1655,1873,3606,1483,833,10534,1302,880,9281,3035,21043,3000,422,1512,2007,1311,308,274,11454,2903,1874,467,674,487,13,342,1285,348,780,2079
2008-04-01,62.26,73,485,148,857,3155,35,1337,1749,2910,1922,873,12274,2319,1021,5982,3485,19095,2895,529,1637,2046,932,431,240,11966,3963,2414,462,2133,541,7,438,1475,204,704,2808
2008-03-01,64.92,762,531,118,444,3066,4,427,1746,2985,1867,806,6839,4363,1042,6476,3488,20521,3118,591,1385,2259,693,390,258,11521,3453,1878,497,1570,554,7,469,1018,364,694,2660
2008-02-01,70.62,647,590,52,948,3211,1,700,2921,2034,2603,1029,9511,945,1356,5138,3482,25820,3859,669,1976,2879,1031,373,306,14078,3670,2177,511,1310,783,12,430,1108,339,793,3006
2008-01-01,68.08,44,517,98,1039,3939,6,2189,2164,1498,1779,1107,13324,1195,1980,6779,3998,26578,3431,563,1245,2729,796,427,231,9103,2828,1809,359,592,365,14,498,1141,179,533,1586
2007-12-01,63.3,676,508,184,1200,2825,8,899,1215,1801,1102,586,2545,1111,1082,2896,3350,19243,2039,570,1376,1504,541,300,223,7712,1949,1411,287,443,395,1,272,702,213,575,1625
2007-11-01,65.49,479,649,239,531,4365,3,2192,2512,1729,2025,1114,12480,688,953,5526,4208,22131,2811,576,1649,2050,846,457,212,11000,3505,2108,490,860,557,9,422,1232,149,822,1977
2007-10-01,66.85,178,556,141,584,3379,14,600,2775,1978,2421,1363,9123,3460,1790,8299,3707,20753,3068,529,1563,2190,550,434,220,10399,3163,1899,454,669,729,56,381,928,301,667,1920
2007-09-01,67.02,908,505,213,844,2764,9,764,3079,1079,2547,1462,6899,763,963,5099,4092,19713,2327,282,1326,1525,904,445,262,9353,2964,1876,484,0,530,16,228,734,78,660,1669
2007-08-01,66.95,286,751,210,654,3497,10,527,2059,1705,1724,1036,9623,844,2811,4810,3671,20825,2383,436,1718,1374,904,322,181,10353,3655,2081,538,484,543,34,240,794,200,761,1918
2007-07-01,67.07,1331,688,105,752,2657,8,769,3109,2870,2126,1279,8559,1045,1502,3280,3517,23247,2354,588,1520,1794,1357,323,253,10556,2659,2036,456,244,493,4,244,430,353,706,2835
2007-06-01,66.58,958,432,114,659,3305,60,412,2429,1583,2279,993,8045,684,1333,3642,3246,22662,2300,623,1914,1644,1218,261,222,9455,2628,1861,482,689,404,8,304,585,126,675,2135
2007-05-01,67.19,526,629,98,827,2294,115,722,2194,1808,1771,1232,7181,3619,1231,4728,3700,21741,2265,553,1844,2176,1250,302,184,10536,2900,1941,365,1095,394,10,262,717,307,739,2209
2007-04-01,68.58,266,409,81,1287,3411,51,617,2257,1784,1521,1358,4254,781,1415,5858,3016,17934,1970,361,1469,1842,1074,279,258,8417,2436,1549,342,811,456,12,287,529,265,677,2174
2007-03-01,69.29,74,418,140,2827,2660,36,948,2564,2777,1341,881,8552,959,1095,3961,3072,17965,2354,505,1769,1903,1593,311,219,9348,2539,2032,358,939,438,20,264,650,103,645,2374
2007-02-01,69.62,64,450,273,358,2187,83,586,2424,18002,1695,1034,7800,817,1295,3889,2751,15024,2383,527,1750,1960,1493,314,215,9651,2767,1794,363,1364,464,43,279,555,61,740,2844
2007-01-01,69.89,232,684,231,648,2018,37,1359,2806,7411,1620,891,4408,2824,1022,4863,2811,17620,2531,403,1294,1956,1796,203,142,7685,2406,1740,372,722,398,7,252,474,189,643,2007
2006-12-01,69.63,111,412,117,698,2266,34,451,2412,2094,1562,652,6038,722,990,3907,2885,21485,2226,196,1357,1868,1214,292,216,8025,2343,1239,514,651,295,5,306,666,109,583,1848
2006-11-01,71.13,104,387,85,922,2696,50,669,3373,4152,2311,1161,9732,615,857,3581,3011,17662,2403,438,1673,1847,1282,398,143,9475,2795,1693,452,707,515,21,364,656,111,775,2061
2006-10-01,72.29,115,748,110,525,2953,37,781,2896,1053,1495,1014,6451,3659,697,4458,3051,20160,2138,314,1584,1750,1091,306,134,8143,2157,1545,359,749,371,13,247,764,370,770,1900
2006-09-01,72.87,104,377,136,502,2520,14,6419,2578,2152,2020,1124,4530,811,759,3998,2451,21225,2355,321,1926,1447,1053,308,206,9065,2482,1641,336,751,459,26,234,687,331,632,2157
2006-08-01,72.87,194,432,134,571,2593,10,842,2788,1130,2574,1287,8866,5824,1316,3961,2647,16897,2594,363,1847,1290,1096,269,102,10269,2771,1710,452,1000,533,20,377,946,275,707,2054
2006-07-01,73.66,66,306,114,468,2980,13,1308,1647,1017,1160,1369,7999,999,940,2429,2612,16725,2322,232,2238,1257,1503,262,140,10148,2293,1651,317,1162,436,10,449,841,195,546,2055
2006-06-01,73.41,56,335,104,812,3018,7,441,1833,5393,1082,792,3456,3876,837,3004,1930,17089,2294,440,2033,1438,1230,295,136,8939,2415,1556,303,1013,463,0,260,611,219,607,1283
2006-05-01,71.76,46,261,203,1213,3422,8,677,2086,2899,1241,811,6035,3462,684,2554,3522,15717,2146,505,1818,1728,989,366,240,8759,2130,1645,264,1074,394,4,375,648,231,630,1841
2006-04-01,71.3,99,263,123,483,2559,8,1002,1735,1721,1491,732,4634,1189,675,2251,1887,28402,1950,410,1474,1644,636,315,236,7502,1899,1208,265,636,248,7,249,421,225,639,1552
2006-03-01,72.28,48,461,0,1035,3189,6,752,2066,1344,1800,951,8560,840,864,2806,2086,16193,2387,484,1231,1805,1652,373,226,8293,2548,1526,3,600,336,3,284,468,92,679,1953
2006-02-01,71.8,35,240,34,360,2308,6,287,5367,1276,1197,1084,3542,3644,919,2089,1440,15676,2322,381,228,1904,1566,298,170,7305,1632,1298,254,935,351,4,300,516,123,550,1659
2006-01-01,72.21,18,226,190,618,3347,10,651,5584,492,979,1105,7652,806,1072,2618,1895,14079,2020,513,323,1672,1232,358,163,6441,2318,1543,251,596,365,7,225,359,121,488,1733
2005-12-01,73.11,36,259,44,366,2947,23,481,6699,1462,1956,989,5837,694,2053,3613,2440,11437,1917,477,189,1585,1515,301,242,7241,2271,1481,266,968,426,10,309,501,135,468,1736
2005-11-01,74.74,27,257,110,437,2352,10,421,5012,728,1592,592,7834,705,1804,2190,1808,11951,1913,365,224,1574,1015,349,187,7323,2715,1926,285,549,460,61,226,404,120,632,1199
2005-10-01,73.71,17,174,107,485,1815,9,795,5349,1040,1581,824,4472,3119,1167,1894,1474,13466,1925,379,299,1414,809,348,292,7418,2601,1513,307,1644,354,24,205,292,153,600,1653
2005-09-01,74.1,22,273,80,393,2306,7,559,4608,784,1378,587,4470,1198,787,2359,2041,15855,1871,347,314,1140,1332,405,226,8198,3860,1790,213,486,565,4,291,429,218,771,1509
2005-08-01,75.81,22,288,58,622,11843,9,477,8916,1011,1709,594,3964,651,1223,1405,2118,12281,1631,246,338,1063,1774,317,130,8552,3903,1920,215,702,720,7,195,445,159,1004,1834
2005-07-01,76.23,32,198,45,414,2310,18,589,1054,549,988,715,8529,1858,556,1160,1079,12638,1917,343,348,1253,871,312,120,8167,3663,1657,180,1080,701,8,202,404,216,379,1562
2005-06-01,76.68,60,294,43,394,3247,32,279,4821,16228,1290,538,1852,2641,1182,1478,1758,10942,2023,524,813,1590,1018,431,388,9120,3780,1711,258,506,831,9,192,440,239,684,1635
2005-05-01,76.4,84,203,33,948,3764,41,735,3701,1101,1085,628,6335,4228,758,2900,1984,11418,2367,368,573,1732,1079,417,388,8412,3979,1775,179,785,734,48,165,426,199,751,1874
2005-04-01,76.15,65,322,83,517,2585,8,136,4771,16475,1308,590,6945,2829,680,1927,1993,10832,1906,823,453,1848,1233,348,217,8501,3738,1627,210,513,642,16,213,352,139,838,1960
2005-03-01,74.8,50,221,70,616,4008,50,794,3893,1849,1032,435,6334,2118,477,1868,2274,11592,1859,520,279,1827,1038,1310,338,9823,3931,1727,194,475,651,49,193,435,377,818,1726
2005-02-01,76.94,33,166,62,423,2004,33,1245,3377,627,943,647,1557,2464,2114,1701,1960,11486,2008,480,371,1426,1252,281,217,7699,4822,1370,188,605,621,18,205,307,116,759,1698
2005-01-01,77.93,921,213,72,574,3119,85,897,3817,728,873,719,4001,5087,1135,1791,2080,15156,1979,338,271,1833,1136,262,175,8777,3171,1371,207,526,562,12,121,400,69,2061,1054
2004-12-01,79.77,34,264,12,554,3741,81,989,4316,1768,1123,906,4001,4019,794,2704,2213,12650,2024,461,182,1471,1221,244,275,8135,3516,1609,222,380,596,68,240,408,111,927,1590
2004-11-01,81.2,28,188,74,426,4599,61,312,3891,989,1618,903,3124,2911,613,1319,2079,11531,2387,340,246,1504,1096,333,221,9269,3121,1613,250,438,543,2,227,397,281,697,1818
2004-10-01,81.2,38,226,104,485,2915,39,696,3569,1431,1012,451,3817,2434,596,1335,2177,8371,1965,333,277,1630,976,231,196,6976,2560,1268,214,528,512,14,184,229,141,538,1247
2004-09-01,80.72,19,17,31,270,2783,37,413,2072,821,945,546,2776,5333,1319,2628,2117,9384,1706,252,304,1356,803,303,149,7223,2954,791,264,712,506,20,218,265,106,916,1599
2004-08-01,80.83,49,261,47,475,2964,19,389,2028,1333,940,730,6671,640,1845,1841,2393,12109,2135,262,350,963,1055,303,187,7005,3147,1818,222,331,625,9,169,220,158,705,1151
2004-07-01,79.99,521,148,21,305,2515,12,762,1646,1241,1599,319,3419,1911,858,1237,2063,12590,1658,254,542,1112,802,276,180,8811,3144,1677,199,613,538,8,166,297,260,612,2107
2004-06-01,79.27,45,102,40,733,2789,55,381,1432,903,1145,865,827,3227,848,2695,2419,13551,1838,400,845,1330,846,214,229,6673,2936,1556,187,855,528,17,160,273,107,429,1464
2004-05-01,79.24,34,88,42,457,3176,40,360,1427,707,1174,378,2902,2575,590,2674,1689,9017,1664,510,284,1370,1051,354,272,7401,3115,1272,123,630,507,2,268,259,127,509,1289
2004-04-01,77.91,57,106,83,1104,2102,24,1242,1468,3549,958,661,2970,1700,1672,1577,1710,11017,1747,483,354,1634,618,368,312,6933,2987,1335,120,547,531,4,204,289,69,562,1142
2004-03-01,77.26,107,120,76,737,3045,44,958,1956,782,1022,571,2265,4412,869,1595,1818,11442,1590,415,197,1566,687,349,167,6150,3009,1161,191,515,341,23,118,178,34,572,1213
2004-02-01,76.39,27,96,78,483,1819,27,284,1737,437,831,523,3752,1117,1150,1403,1636,11163,1589,415,278,1566,686,349,167,5971,2810,1168,195,502,207,22,113,185,43,513,1188
2004-01-01,76.3,39,128,35,398,2182,40,428,1589,440,761,295,5296,1249,1039,1626,1827,9235,1875,402,292,1420,1295,253,93,6200,2653,1194,157,712,398,11,114,259,90,485,809
2003-12-01,76.02,33,109,38,242,2083,65,275,2200,434,1034,335,3272,2947,737,1535,1807,9600,1580,438,161,1359,602,334,202,5945,2471,967,199,376,469,5,157,205,10,537,1065
2003-11-01,76.74,19,90,40,289,1609,35,811,1644,1118,735,628,2057,1022,636,1165,1351,9389,1650,244,262,1356,994,252,140,6983,2323,1080,140,456,1115,16,99,200,137,467,1592
2003-10-01,77.77,43,120,29,415,2539,931,547,1647,1405,891,473,1476,3399,657,1405,1328,10021,2133,501,164,1255,822,250,163,5485,3062,1094,169,448,456,26,101,300,53,496,971
2003-09-01,77.9,26,133,16,408,2117,44,474,1485,743,850,331,4200,1299,645,1383,2511,6792,1483,314,235,1042,622,332,416,5986,2790,1352,192,428,513,27,128,234,44,531,982
2003-08-01,75.96,54,119,66,293,1692,33,219,1452,580,752,340,4430,1155,1198,1038,1297,6894,1940,337,252,835,487,224,99,5224,2463,1543,161,338,469,19,129,338,70,434,1122
2003-07-01,74.75,112,138,25,622,2463,97,384,1455,367,930,577,1818,2894,753,1096,1544,12573,1483,294,297,988,717,216,168,6049,2746,1006,129,519,540,9,130,314,64,460,1246
2003-06-01,73.72,44,89,23,451,1608,60,401,1292,6080,865,533,2431,2106,546,1001,1478,7930,1191,405,284,896,653,252,152,6715,2438,1090,136,516,340,11,131,287,105,487,1809
2003-05-01,71.61,112,105,28,540,2248,42,256,1489,400,1158,442,2467,2833,819,1092,1387,8760,1834,461,242,1048,500,222,164,6401,2473,1091,111,369,329,9,130,337,199,509,1269
2003-04-01,75.66,54,84,33,513,1760,41,183,1978,799,1607,528,1966,835,624,1022,1738,8924,2043,355,272,1378,860,244,111,5771,2321,1023,117,512,385,25,112,332,49,345,950
2003-03-01,76.58,159,121,44,479,1439,35,387,1565,734,860,440,2564,2770,655,1620,1322,7441,1845,419,232,1233,940,267,218,6852,2391,1256,134,467,497,19,177,392,110,326,1215
2003-02-01,76.84,81,138,25,193,1945,52,480,1274,644,578,481,3658,433,939,1188,1407,10568,2141,894,181,1550,870,255,233,6635,2566,1328,86,543,525,48,164,418,47,429,1386
2003-01-01,77.72,286,122,20,412,1801,59,451,2139,1084,701,732,1580,2612,749,1265,1442,10215,1999,669,215,1199,1084,252,264,6200,2618,1756,74,481,371,26,165,384,86,331,694
2002-12-01,79.53,16,48,29,276,1688,58,592,1547,5546,633,271,2150,850,864,1054,1348,6623,1242,398,216,939,462,126,183,4719,2763,925,61,420,248,2,141,1163,80,271,749
2002-11-01,79.57,149,78,17,243,1570,52,498,1999,666,909,284,2902,270,1223,1178,2328,7701,1661,303,218,1059,640,171,148,5468,2526,1339,62,444,391,14,89,339,88,354,864
2002-10-01,79.32,28,89,26,235,2283,950,355,1718,1376,1041,208,1836,1492,719,1548,927,9302,1632,337,192,912,665,197,171,5951,2801,1357,373,476,389,9,164,356,75,522,887
2002-09-01,78.81,10,70,40,188,1651,58,391,1775,537,831,545,2600,1857,480,1030,1357,6795,1858,315,151,809,618,247,132,6626,2803,1232,58,388,403,14,100,315,42,368,1372
2002-08-01,78.57,213,65,36,191,1463,47,621,1487,942,832,312,2535,562,609,1379,1262,7760,1692,280,211,947,718,145,136,5066,2429,1259,67,525,407,3,165,351,34,292,1012
2002-07-01,78.8,76,67,32,261,1408,79,290,1612,891,875,282,1945,1356,1001,1335,1974,8236,1636,423,319,672,760,132,241,6840,2707,1218,209,615,355,6,183,452,18,484,1050
2002-06-01,78.66,13,57,39,249,1145,14,199,1433,1465,583,315,1720,610,808,1015,1316,10856,1387,266,545,589,541,118,149,5120,2541,1142,469,601,251,33,103,409,16,424,900
2002-05-01,78.32,10,47,34,260,1468,53,242,1877,654,749,327,3374,1536,577,1645,1636,7218,1659,487,419,894,603,178,236,6638,2876,1059,188,608,391,258,490,308,86,497,1127
2002-04-01,78.27,16,53,28,215,531,54,176,1309,458,1377,203,2761,2426,805,834,927,6508,1381,472,408,1086,636,602,395,5734,2403,1022,53,537,375,1,114,218,43,504,869
2002-03-01,78.06,83,95,9,221,514,63,582,1562,338,3804,271,3190,451,604,865,1434,9160,1683,343,236,918,865,84,206,4569,2302,979,77,738,350,3,131,247,9,395,813
2002-02-01,78.25,16,76,9,299,412,36,375,1425,758,414,417,317,479,1160,917,838,6763,1649,442,181,1167,725,218,185,4542,2251,1338,45,640,405,11,166,205,13,454,663
2002-01-01,78.6,35,58,45,226,422,48,1303,3392,1015,893,710,1757,1524,863,1009,1893,20082,2147,313,281,1033,1107,155,110,4368,2875,1308,34,760,349,87,135,195,15,384,727
2001-12-01,78.69,26,59,24,200,509,104,2149,1440,349,589,296,1772,814,539,932,1309,7462,1276,324,118,868,585,162,190,3728,2169,1018,48,540,156,7,184,12,9,416,660
2001-11-01,78.96,39,35,78,311,625,130,1302,1710,940,786,532,2993,577,1059,987,1021,8015,1445,466,224,950,603,192,178,3938,2461,1303,46,841,301,6,206,129,45,321,833
2001-10-01,78.97,143,54,66,216,1388,71,1801,1835,2220,878,755,2119,1399,692,1147,1514,11100,824,377,229,925,535,167,133,4133,2475,1382,40,493,338,12,237,15,21,399,976
2001-09-01,78.95,30,60,39,270,388,58,740,1429,4529,1138,382,4211,795,1332,822,1175,7127,559,300,217,652,490,216,157,4057,2313,1150,31,341,256,10,250,20,24,318,1130
2001-08-01,78.91,30,64,145,446,604,38,1535,1956,1073,851,480,2482,1245,657,1098,1221,10167,705,349,267,1464,674,188,122,4454,2618,1229,35,491,268,20,226,12,38,342,841
2001-07-01,79.02,25,68,37,379,633,105,1395,1929,8400,761,526,3655,1408,1176,1113,1054,8324,1509,341,306,611,836,264,104,6399,2678,1155,31,648,345,24,189,405,29,344,810
2001-06-01,78.62,16,17,186,246,435,72,1336,1813,8544,1068,930,3787,1621,1445,839,982,7985,1620,437,368,680,767,165,145,4385,2415,1069,36,884,307,9,120,324,38,432,781
2001-05-01,78.54,24,31,33,164,619,52,1324,2220,8217,716,440,3524,838,534,1477,1142,8480,1555,351,375,855,803,240,99,4488,2843,1175,48,633,332,19,144,246,22,329,834
2001-04-01,77.5,8,32,203,453,321,40,1317,3316,544,815,523,4126,2063,731,914,802,8490,1463,574,360,756,588,208,124,3837,2263,848,10,391,256,6,147,157,66,380,690
2001-03-01,77.75,12,29,59,97,409,176,1395,2621,1354,977,607,3363,2042,637,945,1545,8883,1997,568,306,965,870,177,261,5334,2195,950,37,546,290,29,128,292,37,206,999
2001-02-01,78.25,56,97,37,244,258,121,1295,2167,1118,1069,722,3503,2043,706,807,717,7483,1827,466,253,1018,792,142,291,5435,2401,842,32,658,260,21,138,323,36,148,792
2001-01-01,78.61,85,44,35,136,1542,149,641,1868,1001,1252,578,2749,1192,1005,1068,1164,7320,1746,531,350,848,998,173,145,4481,2589,1147,15,528,217,21,176,329,55,282,721
2000-12-01,78.73,92,135,19,164,1500,56,331,1269,684,657,944,2073,307,586,713,544,8258,1731,402,274,835,621,176,95,3436,2082,757,10,504,203,18,127,171,24,269,589
2000-11-01,78.86,100,55,66,66,1968,97,164,2274,617,1041,516,6297,978,984,904,1066,9872,1635,487,326,856,968,209,151,4072,2658,1071,38,583,327,21,447,256,69,233,656
2000-10-01,79.26,40,182,24,127,1624,47,469,2284,829,518,774,5265,2199,866,1040,904,6824,1706,416,334,763,829,200,115,3809,2392,960,6,412,309,24,107,186,46,307,663
2000-09-01,78.2,37,113,65,109,1755,42,128,1852,961,703,437,4216,901,505,809,820,8288,1009,472,179,462,807,162,179,3323,2169,851,10,573,242,22,100,187,37,352,568
2000-08-01,76.45,40,81,17,65,2029,28,207,2670,560,553,830,6294,365,897,825,1429,8059,1715,407,217,500,817,155,186,3850,2333,1013,17,530,464,19,120,210,46,270,568
2000-07-01,76.41,36,54,9,137,1283,88,223,2321,1315,521,933,5779,3137,748,858,1126,5332,1909,425,190,518,700,169,118,3762,1914,919,11,286,415,14,174,10,67,241,609
2000-06-01,77.55,47,76,24,139,1056,49,71,2047,306,587,704,3089,441,674,882,1215,8872,1832,387,205,705,18,182,250,4855,1853,1005,13,704,334,255,210,207,73,278,572
2000-05-01,75.97,26,64,18,255,1009,53,105,3151,850,1113,380,2157,591,705,109,1929,8881,1470,511,291,659,683,172,189,5026,1969,1199,18,504,300,23,179,1187,62,313,671
2000-04-01,74.36,9,30,6,212,846,20,39,2100,838,577,671,3357,293,692,728,871,4698,1282,655,220,484,728,190,151,3034,1607,699,3,400,402,7,71,100,42,234,419
2000-03-01,74.43,27,75,30,204,1131,48,92,1897,1069,860,294,3211,3878,437,943,864,6957,1687,608,187,592,1131,218,181,3514,1823,902,25,1045,161,28,239,111,69,228,601
2000-02-01,73.22,26,31,19,30,1048,40,82,1419,1185,941,337,2195,1827,768,535,903,5203,1711,440,210,512,1190,201,106,3693,1708,882,16,60,215,24,168,102,40,166,525
2000-01-01,70.68,37,31,13,89,1337,64,84,1853,868,644,386,4281,88,435,816,844,5645,968,367,171,408,815,110,124,2683,1678,834,1,966,132,16,113,85,41,152,409
1999-12-01,73.94,0,52,18,133,1900,58,85,1794,832,1157,333,2362,1900,412,741,1384,6417,1387,306,181,405,1109,184,112,2726,1714,1063,1,446,273,22,86,83,35,166,527
1999-11-01,74.79,3,44,16,98,1277,30,128,2866,693,835,435,2851,1277,934,837,1522,8423,1556,209,178,496,969,215,80,2663,1801,1134,8,560,247,41,91,97,47,181,514
1999-10-01,75.57,3,33,6,102,939,51,107,1628,719,492,309,1602,939,569,673,1444,5478,1537,324,142,494,659,269,91,2786,1732,1118,11,438,242,47,140,99,28,178,458
1999-09-01,75.68,101,41,1,144,2107,44,267,1677,1137,700,281,401,2107,795,774,1485,7915,1295,428,174,388,651,270,105,3154,1784,1308,16,555,315,42,138,146,48,216,479
1999-08-01,74.41,82,33,10,61,1279,16,145,1589,1491,859,607,1955,1279,456,798,1266,5020,1431,435,278,439,620,142,179,2913,1596,1034,14,412,227,30,146,102,37,146,395
1999-07-01,73.1,28,33,9,170,1738,47,64,2311,513,944,518,319,1738,566,725,1447,6784,1471,923,263,421,613,125,189,3105,1745,1064,7,482,255,22,104,207,51,120,465
1999-06-01,73.61,29,48,21,125,1409,25,133,1815,509,673,665,313,1409,805,705,1006,6127,1473,708,315,500,767,225,161,3728,1869,1227,16,994,261,21,167,420,66,144,488
1999-05-01,68.82,5,22,95,91,1243,10,280,1461,502,1091,317,315,1243,574,694,1054,7336,1245,598,219,541,516,196,200,2998,1746,1042,13,549,226,7,94,192,52,157,417
1999-04-01,65.65,13,42,9,111,1620,15,386,1896,1050,692,332,458,1620,383,835,1145,7263,1360,481,347,639,460,168,84,3279,1712,1023,9,600,270,25,92,180,34,197,625
1999-03-01,64.01,24,67,15,22,1390,20,372,1885,522,2228,445,1786,1390,410,704,1312,7195,1626,523,222,651,976,199,122,3676,1915,1348,13,654,259,25,117,232,30,215,613
1999-02-01,62.5,13,39,11,303,1380,22,154,2489,4269,631,248,692,1380,360,739,1003,5473,1270,591,255,603,925,169,158,3055,1800,1192,14,598,300,31,135,158,30,148,506
1999-01-01,61.8,7,27,4,13,852,33,84,1712,953,909,324,960,852,475,772,1283,4823,1363,247,187,577,757,128,89,2201,1784,1222,11,451,235,8,102,137,21,163,359
1998-12-01,61.82,2,105,0,51,998,36,310,2074,596,1271,397,1657,2976,681,663,1396,6029,1180,356,189,592,497,196,100,2719,1758,1461,35,549,297,5,154,214,42,180,458
1998-11-01,59.63,9,61,1,9,1118,25,188,2249,844,807,389,719,720,610,662,1009,5682,1361,395,202,476,586,138,148,2541,1492,1353,11,397,216,5,120,157,64,131,459
1998-10-01,59.87,5,55,13,11,1360,38,78,2648,1297,855,424,2105,1162,447,820,1758,5308,1268,329,158,510,642,218,137,2982,1729,1390,13,520,279,31,107,132,43,102,531
1998-09-01,60.01,2,56,21,10,973,19,81,1958,375,957,408,1333,1024,669,825,2470,6526,1010,309,194,358,859,160,96,3123,1809,1534,19,410,326,71,119,195,83,86,511
1998-08-01,59.37,0,47,12,5,1029,24,35,2282,1039,917,516,842,705,539,801,911,6811,952,306,144,234,715,106,98,2795,1785,1576,18,438,247,47,141,184,56,112,549
1998-07-01,59.34,8,22,22,29,1502,70,253,2503,908,853,345,1282,663,856,759,1171,7743,1252,702,279,297,745,87,62,3303,1916,1297,45,351,352,103,163,107,61,170,687
1998-06-01,60.52,5,32,5,52,1326,59,95,1768,879,1122,504,2438,318,639,852,1125,6830,1653,788,284,400,880,137,309,3626,1792,1447,27,320,250,78,114,150,76,246,502
1998-05-01,62.6,12,39,2,16,942,16,26,1836,3737,732,408,779,726,393,695,1198,6030,1722,749,363,454,489,185,134,3717,1467,1267,11,541,150,38,105,176,64,175,509
1998-04-01,59.61,5,33,14,9,1247,12,68,1582,2070,700,342,1241,594,1066,906,1219,6313,1373,634,228,538,661,144,263,3744,1629,1150,13,611,177,51,135,100,248,216,450
1998-03-01,60.13,6,79,18,18,1283,46,26,1987,2800,807,399,623,1119,698,554,1332,6665,1571,471,454,499,684,144,113,3260,1479,1131,16,708,141,64,172,172,57,169,483
1998-02-01,60.52,4,25,8,17,1224,142,65,1725,689,948,432,1919,1213,585,517,1057,6251,1465,243,354,450,843,237,139,3063,1205,1206,9,440,273,26,102,97,52,210,391
1998-01-01,61.16,2,39,13,16,1229,30,109,1871,1273,1178,543,2873,1169,847,598,1059,4959,1420,266,261,456,683,138,105,3073,1386,1326,12,410,335,25,107,160,95,215,328
