Year,Month,UK,Germany,USA,Netherlands,Uganda,Tanzania,Pakistan,France,Egypt,Belgium,Others,Total,Year,Month,Uganda,Tanzania,Zambia,Egypt,Rwanda,Zimbabwe,Ethiopia,Somalia,S.Africa,DRC,Other,Total
2023,June,4199,1975,6054,6260,10806,5741,7326,1548,3290,1087,37542,85829,2023,June,10806,5741,826,3290,3324,266,1846,1620,246,1826,5837,35629
2023,December,5148,929,5731,6758,9536,5557,7293,1263,2475,442,39107,84239,2023,December,9536,5557,737,2475,3286,268,1472,1420,443,2283,6562,34039
2023,January,4230,1199,5512,5843,9930,4404,4435,1145,2199,1806,32249,72951,2023,January,9930,4404,641,2199,3153,183,1162,1069,500,1564,4929,29734
2023,February,4716,1553,4396,6088,10043,4676,3868,963,2284,328,37767,76683,2023,February,10043,4676,910,2284,2945,205,1477,2454,538,2160,5992,33683
2023,March,4566,1716,5250,5975,11076,4922,5700,931,2703,238,38696,81772,2023,March,11076,4922,682,2703,3272,159,1531,1474,705,1799,7036,35358
2023,April,4091,1459,4498,6596,9908,3611,5243,1105,1605,442,32140,70700,2023,April,9908,3611,738,1605,3046,218,871,1725,291,1682,5474,29171
2023,May,5052,1277,6497,8431,10726,5999,6726,1388,2021,666,42572,91354,2023,May,10726,5999,764,2021,4256,226,1445,3105,894,2155,7236,38827
2023,July,4145,1442,6809,6123,11723,5978,5257,1329,2425,813,36538,82583,2023,July,11723,5978,822,2425,3819,263,1211,1401,529,1879,6978,37029
2023,August,4615,1348,5644,6580,12170,6490,9898,1575,3394,597,41957,94270,2023,August,12170,6490,1007,3394,4226,162,1214,1654,1397,3076,7216,42006
2023,September,4348,1204,4232,5789,11653,6972,8451,1746,2685,494,43614,91188,2023,September,11653,6972,781,2685,3662,218,929,2255,344,2668,7131,39298
2023,October,5017,900,3965,5710,9990,7437,6632,1383,3447,399,39296,84176,2023,October,9990,7437,879,3447,3652,301,1352,1918,548,2246,7511,39280
2023,November,4558,972,5675,5863,9675,6759,8100,1178,2689,365,43142,88977,2023,November,9675,6759,944,2689,3726,356,1254,1523,1020,3108,6786,37839
2022,January,4167,1466,4598,5977,5185,3017,5540,765,2074,750,26012,59551,2022,January,5185,3017,455,2074,1772,167,527,912,364,829,4194,19496
2022,April,3355,1621,7732,5797,5375,3702,5106,876,2098,888,31814,68364,2022,April,5375,3702,639,2098,3202,304,1143,945,503,1149,6598,25657
2022,March,4293,1533,5762,6399,7681,5385,5442,781,2881,1027,35884,77068,2022,March,7681,5385,606,2881,3325,482,1267,1376,840,1538,6671,32053
2022,February,4484,1238,4998,6105,7762,5548,5907,715,2478,980,30044,70257,2022,February,7762,5548,440,2478,2502,548,1180,1171,480,1518,4975,28603
2022,June,3454,1184,10517,5848,9337,4723,4709,820,2621,626,36787,80625,2022,June,9337,4723,603,2621,3653,138,1614,997,487,1606,6464,32241
2022,July,3750,1438,7413,5256,9703,4476,4245,1126,2542,1010,34518,75477,2022,July,9703,4476,663,2542,4895,233,1326,1752,1044,1270,5898,33802
2022,August,3363,1144,6388,4667,8684,5012,4972,1001,1785,648,32786,70450,2022,August,8684,5012,710,1785,3740,182,1107,917,557,1282,4533,28508
2022,September,3195,1496,8958,5342,9489,5215,5985,876,2268,397,34837,78056,2022,September,9489,5215,357,2268,3976,0,1505,1891,535,1717,6155,33110
2022,October,3235,1101,4632,6180,8859,5489,5466,809,1024,365,30411,67571,2022,October,8859,5489,518,1024,3155,214,1455,1034,252,1734,5105,28838
2022,November,3684,1106,7594,6301,7170,4709,6273,640,2295,517,34730,75019,2022,November,7170,4709,849,2295,2422,124,1288,1329,944,1783,5401,28314
2022,December,3526,1332,4592,5920,7966,5005,5809,783,2348,546,30992,68820,2022,December,7966,5005,935,2348,3591,167,1317,1889,371,1855,4906,30350
2022,May,4060,1287,6749,5859,9223,4293,4662,899,2356,974,36929,77291,2022,May,9223,4293,645,2356,3940,187,1202,1101,473,1529,5243,30192
2021,May,4235,925,4813,5793,8395,2735,4421,902,1832,825,28231,63108,2021,May,8395,2735,316,1832,2208,776,739,2126,232,1181,4124,24665
2021,April,3099,795,3488,4758,7444,2989,3600,649,1683,474,29816,58794,2021,April,7444,2989,1451,1683,1998,688,598,317,157,9943,3716,30982
2021,March,5422,2358,4670,5577,8632,3418,4756,1134,2487,631,30597,69683,2021,March,8632,3418,1555,2487,2506,115,680,1298,259,1581,5147,27676
2021,February,5035,1922,3973,6312,8846,2859,4614,824,2366,428,30226,67404,2021,February,8846,2859,324,2366,1794,72,857,724,620,1301,5139,24902
2021,January,4608,1251,5066,5512,5264,2456,4563,731,1611,472,22779,54314,2021,January,5264,2456,317,1611,1579,85,673,699,140,953,5073,18850
2021,June,4308,875,5235,4582,7535,3154,3811,1069,1214,760,24145,56689,2021,June,7535,3154,540,1214,2394,290,944,892,262,1492,4439,23158
2021,July,3875,916,7152,4760,6945,4027,4059,814,1113,1068,24518,59247,2021,July,6945,4027,717,1113,2647,129,1548,1111,245,1306,4283,24073
2021,August,3403,1123,5018,4267,7701,3673,4113,972,1805,570,28529,61173,2021,August,7701,3673,644,1805,2726,292,2413,1555,204,1407,4409,26828
2021,September,3355,1019,5051,4633,4108,5141,2990,805,1486,557,24815,53958,2021,September,4108,5141,445,1486,1802,142,1033,1307,303,1519,4578,21863
2021,October,4121,925,4747,4776,9445,6233,4474,662,1498,682,27837,65400,2021,October,9445,6233,615,1498,3233,139,476,1057,524,1189,3668,28075
2021,November,4181,1120,5381,5897,9584,4072,6025,579,1851,518,24986,64195,2021,November,9584,4072,558,1851,2642,113,934,1087,628,1229,4011,26708
2021,December,3757,1041,4970,4800,7111,4169,5747,580,2228,937,30701,66042,2021,December,7111,4169,532,2228,4990,141,739,1260,384,1354,4898,27807
2020,April,4437,1431,2949,2800,2673,2030,5578,842,1374,381,18696,43193,2020,April,2673,2030,326,1374,890,45,673,683,106,1101,3599,13499
2020,March,4282,1289,3698,4013,6817,3137,4667,673,1601,434,33845,64455,2020,March,6817,3137,292,1601,2354,47,601,1436,189,1138,5658,23269
2020,February,4927,1253,3785,5192,6911,2235,4600,618,1666,397,29456,61038,2020,February,6911,2235,268,1666,1963,65,989,630,692,1445,5669,22532
2020,January,4084,919,4681,3940,5007,2615,4204,657,2163,1825,23030,53126,2020,January,5007,2615,276,2163,1772,317,498,510,252,793,5172,19377
2020,October,4015,1044,4763,5384,5939,2761,4021,606,1794,296,22488,53111,2020,October,5939,2816,386,1794,2382,102,519,926,707,1163,3652,20385
2020,May,3855,1379,2905,3380,4732,2010,5149,726,1422,295,21333,47185,2020,May,4732,2010,284,1422,1431,57,721,1050,141,999,3220,16066
2020,June,3856,1085,5174,2617,5131,2202,4245,820,1739,763,20373,48005,2020,June,5131,2202,380,1739,2124,64,860,721,70,1245,3509,18046
2020,July,4060,1226,3765,3558,6484,2679,4116,913,1306,559,23302,51967,2020,July,6484,2679,368,1306,2698,76,659,1640,128,1240,4538,21817
2020,December,4437,1106,3726,4877,6849,3264,4072,718,2060,679,25722,57511,2020,December,6849,3264,432,2060,2418,145,576,848,381,1299,6039,24312
2020,November,3981,1019,4577,4001,6129,2919,4864,683,1486,446,20682,50789,2020,November,6129,2919,394,1486,2350,114,519,885,221,1335,3315,19668
2020,September,4126,1322,3992,5468,6901,2816,3989,919,1712,470,24457,56173,2020,September,6901,2761,480,1712,2200,54,471,1263,436,1339,4082,21698
2020,August,3860,1460,5363,3507,8120,2721,5152,977,660,310,22359,54489,2020,August,8120,2721,555,660,2628,51,790,786,158,1196,5125,22792
2019,January,4419,896,4283,4682,5461,2294,4452,625,2077,1427,22674,53290,2019,January,5461,2294,294,2077,1198,256,324,759,168,1066,4014,17912
2019,February,3734,1234,3652,4924,5249,2748,4298,603,1464,615,22400,50920,2019,February,5249,2748,339,1464,1420,67,574,1425,304,1256,3190,18036
2019,March,3702,1035,4279,4852,5506,2368,4309,661,1732,836,23382,52661,2019,March,5506,2368,365,1732,1608,138,427,966,278,1011,3068,17466
2019,April,2709,1263,5315,3841,4428,3083,3791,621,1657,478,21627,48813,2019,April,4428,3083,354,1657,1613,55,520,1080,165,1201,3908,18063
2019,May,2009,1139,4193,2599,4761,2657,3468,455,1712,698,22776,46467,2019,May,4761,2657,330,1712,2111,125,366,911,103,1147,3724,17945
2019,June,3860,986,4393,5683,5332,2636,2493,716,1414,574,23102,51188,2019,June,5332,2636,373,1414,1873,48,763,1320,197,1178,2976,18110
2019,July,3555,831,4375,3266,5669,2631,3209,870,810,525,24484,50224,2019,July,5669,2631,488,810,2530,51,756,1159,204,1061,4901,20261
2019,August,3288,850,4494,3746,4577,3119,3199,758,2001,527,23091,49650,2019,August,4577,3119,385,2001,2420,39,611,696,210,1193,2843,18094
2019,September,2561,763,5254,3081,6089,2901,3372,559,1478,464,19966,46489,2019,September,6089,2901,423,1478,2112,35,483,648,125,866,3493,18653
2019,October,3540,803,3720,4663,6016,3822,4545,764,1792,464,20965,51093,2019,October,6016,3822,331,1792,2122,37,608,1024,488,1105,3767,21114
2019,November,3541,768,4579,3634,5536,3055,4244,655,1743,470,23593,51816,2019,November,5536,3055,331,1743,2148,71,603,912,444,1127,4691,20661
2019,December,2996,717,3378,2998,5078,2294,3859,509,1048,263,19628,42768,2019,December,5078,2294,351,1048,2020,56,480,935,607,1253,2977,17099
2018,May,3286,1239,4336,3875,5672,2815,4528,800,2380,571,25813,55314,2018,May,5672,2815,481,2380,1775,110,522,1391,111,1802,3386,20443
2018,April,3306,1151,3598,4122,4262,2639,4078,723,1017,290,24862,50048,2018,April,4262,2639,399,1017,1954,115,460,1354,115,1325,3856,17495
2018,March,3345,1073,3642,5171,5581,2370,4271,658,1185,877,22822,50994,2018,March,5581,2370,547,1185,1398,50,334,1231,210,1266,3445,17618
2018,February,4284,1020,3060,4680,5838,3010,7013,536,2016,748,25068,57271,2018,February,5838,3010,453,2016,1140,159,381,1406,207,1162,3346,19118
2018,January,3474,793,2544,4324,4749,1967,7332,521,2195,1188,24361,53448,2018,January,4749,1967,397,2195,1345,117,606,1335,153,1132,3260,17255
2018,June,3554,1113,4518,3478,4922,2012,5452,561,1951,326,25031,52919,2018,June,4922,2012,425,1951,1361,63,689,1396,294,1133,3579,17825
2018,July,3743,969,5322,3709,4552,2464,5370,686,1383,455,24232,52886,2018,July,4552,2464,421,1383,1462,91,433,1091,309,1178,3681,17066
2018,August,2589,626,4810,3130,5311,2608,3815,778,1538,334,25448,50987,2018,August,5311,2608,376,1538,1830,79,929,1275,1533,1255,3131,19863
2018,September,2918,722,4085,3757,5229,2305,4647,867,1591,221,20436,46777,2018,September,5229,2305,413,1591,1237,100,698,1252,472,1347,2465,17109
2018,October,3280,913,3752,3700,5509,2667,4286,665,2098,298,22792,49960,2018,October,5509,2667,450,2098,1312,84,440,1219,339,1531,3148,18795
2018,November,3154,957,4605,3036,5248,2697,4573,638,1119,411,21878,48316,2018,November,5248,2200,431,1119,1767,104,429,1293,254,1108,3137,17585
2018,December,3231,584,3027,3356,5006,2200,4022,492,1653,625,19814,44009,2018,December,5006,2697,497,1653,1262,75,421,831,391,938,2771,16045
2017,May,3188,1309,4373,4171,4774,1958,5492,689,920,644,25152,52670,2017,May,4774,1958,377,920,1479,117,670,1640,261,1764,4282,18243
2017,April,2553,1346,3457,3833,4770,1644,3770,610,933,430,21466,44812,2017,April,4770,1644,244,933,1385,130,662,1599,207,1307,3635,16517
2017,March,3292,1244,3909,3996,5817,2828,3958,775,1398,1164,25672,54052,2017,March,5817,2828,244,1398,1433,116,720,3177,340,1962,4333,22367
2017,February,3413,1228,4035,4549,5674,2562,4345,523,1533,818,19277,47957,2017,February,5674,2562,256,1533,1270,193,492,1423,201,1631,2974,18208
2017,January,3352,940,2906,3803,5381,2368,7323,520,1464,562,20216,48834,2017,January,5381,2368,287,1464,1151,55,369,1414,141,1372,3712,17713
2017,June,3348,908,4665,3488,4878,1882,5830,656,1745,400,23775,51574,2017,June,4878,1882,359,1745,1417,204,654,1464,168,1549,4252,18574
2017,July,3651,797,5105,3208,5372,2330,6106,817,1388,519,23627,52921,2017,July,5372,2330,346,1388,1862,131,549,1819,322,1658,4096,19873
2017,August,2858,672,4048,2644,4461,2551,3988,951,1214,263,18015,41664,2017,August,4461,2551,265,1214,1397,115,559,1393,274,1305,2745,16279
2017,September,3081,681,3951,3409,5792,2631,5642,703,2221,267,21998,50376,2017,September,5792,2631,427,2221,1682,88,750,1346,187,1567,3327,20018
2017,October,3539,868,3664,3451,4075,2626,5751,501,1364,274,22972,49085,2017,October,4075,2626,301,1364,1410,97,438,1458,200,1777,3224,16971
2017,November,3038,1043,3819,3664,5601,2871,5949,433,2216,327,21915,50875,2017,November,5601,2871,423,2216,1381,100,643,1403,186,1178,3784,19786
2017,December,3241,704,3340,3677,5221,2268,5903,596,2609,358,21391,49309,2017,December,5221,2268,340,2609,1258,159,476,1525,272,1809,3378,19316
2016,May,2979,1070,3361,3789,4221,3439,3164,500,1846,541,24953,49861,2016,May,4221,3439,514,1846,1221,52,747,1905,520,1499,3861,19824
2016,April,3162,1493,2997,3572,6323,2459,2451,585,2118,330,20809,46299,2016,April,6323,2459,521,2118,1593,87,524,870,372,1605,3213,19686
2016,March,3490,1326,3129,5040,6268,4038,2351,566,1938,946,24938,54030,2016,March,6268,4038,463,1938,1511,57,450,1667,278,1585,5736,23991
2016,February,3456,676,3109,4671,4707,3350,2569,369,1842,708,26832,52290,2016,February,4707,3350,503,1842,1289,67,659,1093,810,1534,4144,19999
2016,January,3921,714,2865,4254,4644,3259,2503,480,1617,462,23304,48024,2016,January,4644,3259,387,1617,1353,74,696,1188,502,1538,3250,18506
2016,June,3130,979,3784,3125,4664,2767,4994,536,1896,328,22009,48213,2016,June,4664,2767,400,1896,1599,139,703,1296,324,1716,3538,19042
2016,July,3054,989,4874,2844,6118,2091,3380,534,2097,325,21672,47978,2016,July,6118,2091,443,2097,1422,88,890,1364,152,1479,3199,19342
2016,August,2986,888,3805,2895,4899,2379,3195,496,1810,246,23485,47084,2016,August,4899,2379,391,1810,1682,131,1023,1493,253,2005,3048,19113
2016,September,2783,969,4364,3267,4552,2631,3026,666,1861,273,21512,45903,2016,September,4552,2631,343,1861,1315,81,819,1656,155,1912,3148,18473
2016,October,2129,830,3311,2593,5349,2448,2952,527,1066,214,20632,42050,2016,October,5349,2448,443,1066,1103,54,358,1528,327,1871,3407,17952
2016,November,3356,1042,4374,4276,5275,3195,5378,714,760,193,21089,49652,2016,November,5275,3195,407,760,1229,63,453,1699,309,1867,3467,18725
2016,December,3136,888,3381,3166,5145,2741,4291,440,1769,827,20900,46684,2016,December,5145,2741,356,1769,2183,21,730,2173,149,1424,3311,20002
2015,May,2685,521,3125,3000,5049,3497,1764,521,1342,410,24051,45966,2015,May,5049,3497,400,1342,1250,55,362,650,167,1716,4282,18770
2015,April,2699,503,2574,3807,4410,2176,1352,503,1681,204,19972,39881,2015,April,4410,2176,427,1681,1176,107,494,1155,242,1515,3731,17116
2015,March,3681,387,3188,4035,5420,2718,1800,387,1639,331,24120,47707,2015,March,5420,2718,620,1639,1457,84,706,1500,330,1840,4480,20796
2015,February,3527,1091,2702,4057,5599,2236,2997,295,1329,269,18543,42646,2015,February,5599,2236,476,1329,1060,68,455,926,393,1682,3622,17846
2015,January,3390,1313,2767,3399,4296,2267,2047,266,983,364,20071,41163,2015,January,4296,2267,445,983,1202,168,424,907,481,1744,3257,16174
2015,June,2669,733,3540,2310,4947,2765,3515,515,1958,328,24249,47530,2015,June,4947,2765,709,1958,1722,50,1111,1388,261,1580,4723,21214
2015,July,3930,579,4386,3785,10328,3080,2845,579,2148,585,27159,59404,2015,July,10328,2765,692,2148,2245,175,761,1478,400,1423,4734,27149
2015,August,4120,767,4930,4582,8213,2344,1972,767,1440,514,25426,55075,2015,August,8213,2344,550,1440,1975,90,613,1116,265,1720,3771,22096
2015,September,3392,651,3212,3533,5611,2809,3514,651,1663,384,24523,49942,2015,September,5611,2809,665,1663,1729,64,615,1112,310,1988,3672,20237
2015,October,3957,515,2953,3598,5402,3181,4509,515,2379,463,24706,52179,2015,October,5402,3181,308,2379,1369,167,480,2052,692,1648,3396,21075
2015,November,3335,489,3990,2576,4749,3412,4305,489,1492,320,23501,48657,2015,November,4749,3412,287,1492,1289,103,536,1238,423,1822,3998,19350
2015,December,3283,585,3358,3360,4550,3176,4631,585,2112,367,24891,50896,2015,December,4550,3176,330,2112,1476,86,596,1688,375,1996,3981,20365
2014,May,2870,1402,3604,3665,4642,4279,1759,599,1674,488,22886,47866,2014,May,4642,4279,593,1674,1232,167,748,1025,388,1911,3648,20307
2014,March,3474,1185,2858,4202,5566,3457,1317,483,1785,445,24061,48833,2014,March,5566,3457,438,1785,1477,166,570,1799,557,1749,4658,22222
2014,April,2957,927,3192,3274,4697,3448,1711,493,1339,349,26608,48995,2014,April,4697,3448,627,1339,1291,228,1012,1282,621,1575,6102,22222
2014,February,2915,917,2614,3817,5830,3962,1360,406,1268,333,19226,42648,2014,February,5830,3962,458,1268,1125,194,298,1278,398,1507,3892,20211
2014,January,3266,886,2490,3819,6463,3271,2086,451,1554,328,18448,43062,2014,January,6463,3271,548,1554,1289,127,351,905,145,1407,3165,19227
2014,June,3149,991,3697,3753,3736,3314,1723,423,1920,885,20567,44160,2014,June,3736,3314,605,1920,1334,120,556,642,613,1968,4163,18970
2014,July,3274,1196,3639,2935,904,4090,2248,621,1551,586,21958,43001,2014,July,904,4090,523,1551,235,119,523,1208,1009,2044,5172,17378
2014,August,2944,541,3465,2245,4373,3619,2068,590,1197,1567,21352,43962,2014,August,4373,3619,557,1197,1356,90,392,930,512,1888,4687,19602
2014,September,2856,592,2946,2840,5185,3582,1707,593,1086,592,18493,40473,2014,September,5185,3582,673,1086,1099,59,495,1163,288,1659,4024,19314
2014,October,2843,555,3512,2951,4474,2780,1439,412,1440,488,23246,44140,2014,October,4474,2780,483,1440,872,151,402,574,547,1569,6556,19848
2014,November,2362,801,3601,3201,4855,2706,1802,310,1547,407,21302,42893,2014,November,4855,2706,578,1547,1222,133,786,1177,452,1712,3357,18524
2014,December,3006,791,2671,3285,4332,3504,2801,282,1108,293,19084,41157,2014,December,4332,3504,540,1108,1017,108,677,881,254,1830,3637,17888
2013,May,2970,899,2360,2847,6023,3080,1561,358,1567,380,21556,43601,2013,May,6023,3080,597,1567,1298,140,485,1993,120,1402,3679,20384
2013,April,2822,644,2587,2745,6593,3238,1381,618,1635,313,20012,42588,2013,April,6593,3238,540,1635,1128,77,450,1327,209,1722,3657,20578
2013,March,2806,756,2143,3058,4616,2748,1792,386,1478,378,17994,38155,2013,March,4616,2748,374,1478,875,153,357,1126,278,1256,3975,17237
2013,February,3806,764,2399,3348,7101,3373,3340,433,1221,490,20426,46702,2013,February,7101,3373,544,1221,1053,105,462,1662,213,1911,4018,21662
2013,January,3925,698,2059,2936,5813,4178,3100,461,2238,347,21362,47116,2013,January,5813,4178,505,2238,1345,168,252,1572,229,2068,3742,22110
2013,June,3113,810,2599,2102,4359,3112,1933,333,1272,323,18689,38644,2013,June,4359,3112,462,1272,1332,151,428,1341,181,1447,3214,17300
2013,July,2899,538,2837,2737,5426,3670,2574,349,936,390,19172,41527,2013,July,5426,3670,621,936,1094,166,441,1375,204,1683,3587,19201
2013,August,2737,514,3183,1654,5077,3601,1409,522,1473,538,20102,40811,2013,August,5077,3601,490,1473,1295,86,288,1165,474,1483,3544,18976
2013,September,2813,580,2495,2150,4912,3767,1277,611,1021,990,20685,41301,2013,September,4912,3767,557,1021,1007,200,423,1990,245,1610,2964,18696
2013,October,3216,638,2590,2956,5192,4017,1251,586,948,751,17102,39247,2013,October,5192,4017,641,948,849,179,364,1141,227,1369,3535,18462
2013,November,3302,738,2673,2952,5951,3828,2038,342,1444,722,20311,44301,2013,November,5951,3828,539,1444,1275,319,603,983,434,1446,3538,20360
2013,December,3203,664,2013,3092,4756,2606,2476,381,1770,571,18777,40308,2013,December,4756,2606,486,1770,1093,66,331,1267,461,1484,3492,17812
2012,May,3292,1100,2084,2800,5809,4124,1108,378,1421,328,19922,42367,2012,May,5809,4124,489,1421,1135,128,397,2193,187,1466,4526,21874
2012,April,3127,786,1864,2722,4066,3045,1400,475,1433,535,20585,40040,2012,April,4066,3045,378,1433,964,85,485,1561,141,1342,5040,18540
2012,March,2833,910,1967,2771,6603,4112,1756,441,1876,697,20397,44362,2012,March,6603,4112,466,1876,1525,97,429,1975,118,1649,2600,21450
2012,February,3214,860,1982,3026,5996,4361,2274,319,2068,617,19362,44081,2012,February,5996,4361,640,2068,1333,174,355,1427,294,1448,2227,20323
2012,January,3367,687,1695,2770,6056,3322,2461,223,2377,405,19002,42365,2012,January,6056,3322,379,2377,1269,105,417,1544,173,1718,3386,20748
2012,June,3440,1032,2772,2176,5174,3629,1709,413,1675,288,18954,41264,2012,June,5174,3629,512,1675,1315,128,385,1589,98,1202,4290,19997
2012,July,4004,576,2701,1950,5553,3404,1296,429,1471,527,20992,42902,2012,July,5553,3404,625,1471,1278,123,435,1473,306,1528,4016,20213
2012,December,3192,597,2033,2724,4464,3663,2477,324,1263,303,19112,40152,2012,December,4464,3663,589,1263,1039,121,357,1278,122,2102,3073,18072
2012,November,3403,845,1918,2709,6052,4139,3158,337,2122,350,21025,46058,2012,November,6052,4139,638,2122,1360,183,399,1778,203,1677,3642,22193
2012,October,3756,728,2265,3427,5501,4347,2384,509,2236,416,22974,48544,2012,October,5501,4347,810,2236,1458,228,284,1754,340,1312,3706,21977
2012,September,3468,695,2399,2171,5895,3611,2087,601,1936,390,18573,41827,2012,September,5895,3611,544,1936,1326,160,401,1320,322,1309,3801,20625
2012,August,3534,956,2716,1809,5543,4277,10,465,1586,411,22577,43884,2012,August,5543,4277,597,1586,2149,189,233,1344,381,1675,3610,21584
2011,February,3685,743,1548,3010,5767,3186,1732,499,1404,760,16453,38784,2011,February,5767,3186,365,1404,916,96,242,1029,247,1332,3300,17885
2011,March,3674,665,1802,3177,6141,3415,1808,579,1771,241,20603,43876,2011,March,6141,3415,607,1771,1150,124,236,1019,276,1512,4149,20400
2011,April,3673,529,2089,2811,6222,2713,1242,551,2299,505,16784,39417,2011,April,6222,2713,602,2299,1069,56,351,875,131,1166,3408,18894
2011,May,3697,740,2190,2720,6543,3145,1171,514,1478,300,18276,40775,2011,May,6543,3145,431,1478,1091,97,332,1271,320,1278,3610,19595
2011,June,3852,497,2645,2948,6774,3163,1737,466,2484,274,18974,43814,2011,June,6774,3163,603,2484,1246,108,531,1260,223,1465,4039,21897
2011,July,3579,510,2398,2309,6410,4125,1968,387,2661,185,20134,44666,2011,July,6410,4125,428,2661,1093,172,408,1098,205,1637,3405,21643
2011,August,4079,680,3356,2117,6819,3879,2028,517,3023,282,19490,46271,2011,August,6819,3879,640,3023,1216,96,835,1826,218,1576,3581,23711
2011,September,3681,811,2444,3180,6818,4456,1454,557,1489,379,20989,46258,2011,September,6818,4456,600,1489,1343,157,490,1882,269,1640,4636,23781
2011,October,4506,808,2137,2860,5576,3899,1892,510,1864,333,20884,45269,2011,October,5576,3899,541,1864,1199,199,295,1980,321,1826,3587,21287
2011,November,4600,550,1885,2900,6973,3697,1890,366,2178,508,18984,44529,2011,November,6973,3697,528,2178,1181,219,373,1634,226,1558,3992,22560
2011,December,3672,400,1828,2310,5906,3456,2073,258,1788,359,19871,41920,2011,December,5906,3456,409,1788,1133,155,332,1966,204,1514,3278,20140
2011,January,4032,644,1388,2439,6006,2532,2014,406,968,282,14746,35458,2011,January,6006,2532,383,968,916,105,398,758,193,1033,2498,15790
2010,December,3596,634,4291,2763,5172,2670,1996,570,1593,261,16680,40227,2010,December,5172,2670,407,1593,1048,58,420,1422,228,1266,3336,17619
2010,January,3522,548,955,2430,2857,2186,1707,251,1652,523,13971,30603,2010,January,2857,2186,210,1652,742,42,305,961,130,833,2231,12150
2010,February,3616,647,1460,2320,4055,2297,1806,285,1721,371,14778,33355,2010,February,4055,2297,208,1721,865,60,362,1341,292,1112,2485,14798
2010,March,4109,736,1257,2763,4150,2695,1341,468,1652,478,15094,34744,2010,March,4150,2695,395,1652,790,50,409,1089,179,1051,3481,15942
2010,April,3271,686,1371,2148,4044,2521,939,356,1555,441,13936,31269,2010,April,4044,2521,367,1555,1041,36,258,1153,140,761,2935,14809
2010,May,3210,663,1686,2408,3692,2497,1303,315,1804,273,15391,33242,2010,May,3692,2497,352,1804,827,76,614,1199,122,1052,2912,15146
2010,June,3172,667,1651,1899,3960,2861,1684,338,1425,421,14961,33039,2010,June,3960,2861,512,1425,951,55,469,951,253,1068,3210,15714
2010,July,2949,538,1683,1576,4743,3046,1399,436,1425,174,16866,34835,2010,July,4743,3046,389,1425,886,68,335,1178,203,999,4016,17290
2010,August,2572,428,2055,1551,4371,3121,1492,467,1437,208,12607,30310,2010,August,4371,3121,397,1437,727,65,343,706,117,1286,2528,15100
2010,September,3301,775,2368,1845,4941,3242,1121,563,1338,347,15203,35044,2010,September,4941,3242,425,1338,966,64,299,1003,282,1258,3522,17338
2010,October,2946,575,1705,2402,4855,2729,1249,506,1068,285,13932,32252,2010,October,4855,2729,595,1068,826,69,242,912,275,956,3027,15553
2010,November,3889,620,1695,2692,5269,3450,2032,531,1446,349,17309,39282,2010,November,5269,3450,432,1446,866,98,330,1141,221,1150,3109,17512
2009,May,2499,654,1803,1945,3596,2078,928,303,750,358,10863,25778,2009,May,3596,2078,363,750,764,36,319,864,143,900,2107,11920
2009,April,2934,727,1257,2001,3762,2465,967,303,786,294,10853,26348,2009,April,3762,2465,393,786,740,8,273,867,373,843,2483,12992
2009,March,3379,548,1761,2448,4062,2446,762,478,1194,423,13969,31470,2009,March,4062,2446,437,1194,727,28,414,1242,683,1066,2580,14880
2009,February,3200,662,1747,2545,4404,2103,1279,489,858,206,11184,28676,2009,February,4404,2103,360,858,815,29,296,762,274,1105,2377,13382
2009,January,2970,731,1162,2481,3697,2555,2078,406,963,288,10028,27360,2009,January,3697,2555,293,963,708,22,379,289,382,852,1961,12101
2009,June,3073,611,1611,2148,3348,2694,1220,334,858,295,11976,28166,2009,June,3348,2694,450,858,704,21,330,1084,326,939,2766,13519
2009,July,3502,578,1409,2257,4676,2893,1584,356,1133,268,12876,31533,2009,July,4676,2893,454,1133,847,28,366,959,177,1063,2777,15372
2009,August,2978,515,1650,1520,3376,2258,927,360,932,245,13286,28046,2009,August,3376,2258,433,932,825,35,339,1850,375,929,2217,13568
2009,September,3334,627,1352,1982,3321,2794,1266,291,1268,254,12590,29077,2009,September,3321,2794,394,1268,873,20,376,796,234,909,2821,13807
2009,October,3391,534,1346,2015,3651,3074,1215,369,701,367,11681,28344,2009,October,3651,3074,490,701,703,46,484,957,200,904,2719,13929
2009,November,3158,489,1146,2122,4083,2626,1646,232,1213,131,13032,29879,2009,November,4083,2626,418,1213,755,56,343,859,172,933,2342,13798
2009,December,4078,628,1179,2867,4265,2101,1301,321,1218,260,12052,30271,2009,December,4265,2101,344,1218,1075,28,300,686,235,882,2250,13383
2008,May,3000,422,1512,2007,2903,1874,1311,308,674,274,11454,25740,2008,May,2903,1874,467,674,487,13,342,1285,348,780,2079,11253
2008,April,2895,529,1637,2046,3963,2414,932,431,2133,240,11966,29186,2008,April,3963,2414,462,2133,541,7,438,1475,204,704,2808,15149
2008,March,3118,591,1385,2259,3453,1878,693,390,1570,258,11521,27115,2008,March,3453,1878,497,1570,554,7,469,1018,364,694,2660,13164
2008,February,3859,669,1976,2879,3670,2177,1031,373,1310,306,14078,32327,2008,February,3670,2177,511,1310,783,12,430,1108,339,793,3006,14139
2008,January,3431,563,1245,2729,2828,1809,796,427,592,231,9103,23754,2008,January,2828,1809,359,592,365,14,498,1141,179,533,1586,9906
2008,June,2869,449,1666,2126,2766,2533,1180,365,671,232,10453,25310,2008,June,2766,2533,463,671,607,3,219,834,148,817,2193,11255
2008,July,3188,373,1590,1705,4211,2599,2054,526,996,221,12876,30339,2008,July,4211,2599,536,996,992,35,368,1140,137,1047,2862,14923
2008,August,2982,328,2231,1665,3562,2791,1275,435,1490,177,12816,29753,2008,August,3562,2791,427,1490,1209,9,317,982,591,854,2507,14739
2008,September,2964,540,1916,1819,3523,2907,973,442,1187,208,12008,28488,2008,September,3523,2907,511,1187,846,9,389,790,275,907,2896,14241
2008,October,3608,641,1670,2559,4154,2704,1118,454,1713,174,13745,32540,2008,October,4154,2704,535,1713,1072,32,375,1042,217,825,2454,15123
2008,November,3057,474,1888,2136,3272,2763,1055,315,1243,306,12551,29059,2008,November,3272,2763,402,1243,725,20,257,1049,666,1047,2327,13771
2008,December,2939,534,1789,2140,3972,2656,1518,365,1917,188,11326,29344,2008,December,3972,2656,325,1917,773,20,260,1093,171,850,2619,14658
2007,May,2265,553,1844,2176,2900,1941,1250,302,1095,184,10536,25044,2007,May,2900,1941,365,1095,394,10,262,717,307,739,2209,10938
2007,April,1970,361,1469,1842,2436,1549,1074,279,811,258,8417,20467,2007,April,2436,1549,342,811,456,12,287,529,265,677,2174,9537
2007,March,2354,505,1769,1903,2539,2032,1593,311,939,219,9348,23513,2007,March,2539,2032,358,939,438,20,264,650,103,645,2374,10363
2007,February,2383,527,1750,1960,2767,1794,1493,314,1364,215,9651,24217,2007,February,2767,1794,363,1364,464,43,279,555,61,740,2844,11273
2007,January,2531,403,1294,1956,2406,1740,1796,203,722,142,7685,20878,2007,January,2406,1740,372,722,398,7,252,474,189,643,2007,9210
2007,June,2300,623,1914,1644,2628,1861,1218,261,689,222,9455,22814,2007,June,2628,1861,482,689,404,8,304,585,126,675,2135,9896
2007,July,2354,588,1520,1794,2659,2036,1357,323,244,253,10556,23685,2007,July,2659,2036,456,244,493,4,244,430,353,706,2835,10460
2007,August,2383,436,1718,1374,3655,2081,904,322,484,181,10353,23891,2007,August,3655,2081,538,484,543,34,240,794,200,761,1918,11248
2007,October,3068,529,1563,2190,3163,1899,550,434,669,220,10399,24684,2007,October,3163,1899,454,669,729,56,381,928,301,667,1920,11167
2007,September,2327,282,1326,1525,2964,1876,904,445,0,262,9353,21264,2007,September,2964,1876,484,0,530,16,228,734,78,660,1669,9239
2007,November,2811,576,1649,2050,3505,2108,846,457,860,212,11000,26074,2007,November,3505,2108,490,860,557,9,422,1232,149,822,1977,12131
2007,December,2039,570,1376,1504,1949,1411,541,300,443,223,7712,18066,2007,December,1949,1411,287,443,395,1,272,702,213,575,1625,7872
2006,May,2146,505,1818,1728,2130,1645,989,366,1074,240,8759,21400,2006,May,2130,1645,264,1074,394,4,375,648,231,630,1841,9235
2006,April,1950,410,1474,1644,1899,1208,636,315,636,236,7502,17909,2006,April,1899,1208,265,636,248,7,249,421,225,639,1552,7348
2006,March,2387,484,1231,1805,2548,1526,1652,373,600,226,8293,21124,2006,March,2548,1526,3,600,336,3,284,468,92,679,1953,8491
2006,February,2322,381,228,1904,1632,1298,1566,298,935,170,7305,18040,2006,February,1632,1298,254,935,351,4,300,516,123,550,1659,7623
2006,January,2020,513,323,1672,2318,1543,1232,358,596,163,6441,17178,2006,January,2318,1543,251,596,365,7,225,359,121,488,1733,8006
2006,June,2294,440,2033,1438,2415,1556,1230,295,1013,136,8939,21789,2006,June,2415,1556,303,1013,463,0,260,611,219,607,1283,8730
2006,July,2322,232,2238,1257,2293,1651,1503,262,1162,140,10148,23208,2006,July,2293,1651,317,1162,436,10,449,841,195,546,2055,9954
2006,August,2594,363,1847,1290,2771,1710,1096,269,1000,102,10269,23309,2006,August,2771,1710,452,1000,533,20,377,946,275,707,2054,10844
2006,September,2355,321,1926,1447,2482,1641,1053,308,751,206,9065,21555,2006,September,2482,1641,336,751,459,26,234,687,331,632,2157,9735
2006,October,2138,314,1584,1750,2157,1545,1091,306,749,134,8143,19910,2006,October,2157,1545,359,749,371,13,247,764,370,770,1900,9245
2006,November,2403,438,1673,1847,2795,1693,1282,398,707,143,9475,22852,2006,November,2795,1693,452,707,515,21,364,656,111,775,2061,10150
2006,December,2226,196,1357,1868,2343,1239,1214,292,651,216,8025,19626,2006,December,2343,1239,514,651,295,5,306,666,109,583,1848,8560
2005,May,2367,368,573,1732,3979,1775,1079,417,785,388,8412,21873,2005,May,3979,1775,179,785,734,48,165,426,199,751,1874,10915
2005,April,1906,823,453,1848,3738,1627,1233,348,513,217,8501,21207,2005,April,3738,1627,210,513,642,16,213,352,139,838,1960,10247
2005,March,1859,520,279,1827,3931,1727,1038,1310,475,338,9823,23127,2005,March,3931,1727,194,475,651,49,193,435,377,818,1726,10577
2005,February,2008,480,371,1426,4822,1370,1252,281,605,217,7699,20533,2005,February,4822,1370,188,605,621,18,205,307,116,759,1698,10711
2005,January,1979,338,271,1833,3171,1371,1136,262,526,175,8777,19840,2005,January,3171,1371,207,526,562,12,121,400,69,2061,1054,9554
2005,June,2023,524,813,1590,3780,1711,1018,431,506,388,9120,21903,2005,June,3780,1711,258,506,831,9,192,440,239,684,1635,10283
2005,July,1917,343,348,1253,3663,1657,871,312,1080,120,8167,19732,2005,July,3663,1657,180,1080,701,8,202,404,216,379,1562,10052
2005,August,1631,246,338,1063,3903,1920,1774,317,702,130,8552,20577,2005,August,3903,1920,215,702,720,7,195,445,159,1004,1834,11104
2005,September,1871,347,314,1140,3860,1790,1332,405,486,226,8198,19969,2005,September,3860,1790,213,486,565,4,291,429,218,771,1509,10136
2005,October,1925,379,299,1414,2601,1513,809,348,1644,292,7418,18643,2005,October,2601,1513,307,1644,354,24,205,292,153,600,1653,9346
2005,November,1913,365,224,1574,2715,1926,1015,349,549,187,7323,18141,2005,November,2715,1926,285,549,460,61,226,404,120,632,1199,8578
2005,December,1917,477,189,1585,2271,1481,1515,301,968,242,7241,18187,2005,December,2271,1481,266,968,426,10,309,501,135,468,1736,8569
2004,April,1747,483,354,1634,2987,1335,618,368,547,312,6933,17318,2004,April,2987,1335,120,547,531,4,204,289,69,562,1142,7790
2004,March,1590,415,197,1566,3009,1161,687,349,515,167,6150,15806,2004,March,3009,1161,191,515,341,23,118,178,34,572,1213,7354
2004,February,1589,415,278,1566,2810,1168,686,349,502,167,5971,15500,2004,February,2810,1168,195,502,207,22,113,185,43,513,1188,6945
2004,January,1875,402,292,1420,2653,1194,1295,253,712,93,6200,16391,2004,January,2653,1194,157,712,398,11,114,259,90,485,809,6883
2004,July,1658,254,542,1112,3144,1677,802,276,613,180,8811,19067,2004,July,3144,1677,199,613,538,8,166,297,260,612,2107,9620
2004,May,1664,510,284,1370,3115,1272,1051,354,630,272,7401,17923,2004,May,3115,1272,123,630,507,2,268,259,127,509,1289,8100
2004,June,1838,400,845,1330,2936,1556,846,214,855,229,6673,17722,2004,June,2936,1556,187,855,528,17,160,273,107,429,1464,8513
2004,August,2135,262,350,963,3147,1818,1055,303,331,187,7005,17556,2004,August,3147,1818,222,331,625,9,169,220,158,705,1151,8555
2004,September,1706,252,304,1356,2954,791,803,303,712,149,7223,16552,2004,September,2954,791,264,712,506,20,218,265,106,916,1599,8350
2004,October,1965,333,277,1630,2560,1268,976,231,528,196,6976,16939,2004,October,2560,1268,214,528,512,14,184,229,141,538,1247,7435
2004,November,2387,340,246,1504,3121,1613,1096,333,438,221,9269,20568,2004,November,3121,1613,250,438,543,2,227,397,281,697,1818,9386
2004,December,2024,461,182,1471,3516,1609,1221,244,380,275,8135,19518,2004,December,3516,1609,222,380,596,68,240,408,111,927,1590,9668
2003,August,1940,337,252,835,2463,1543,487,224,338,99,5224,13742,2003,August,2463,1543,161,338,469,19,129,338,70,434,1122,7086
2003,April,2043,355,272,1378,2321,1023,860,244,512,111,5771,14890,2003,April,2321,1023,117,512,385,25,112,332,49,345,950,6170
2003,March,1845,419,232,1233,2391,1256,940,267,467,218,6852,16121,2003,March,2391,1256,134,467,497,19,177,392,110,326,1215,6985
2003,February,2141,894,181,1550,2566,1328,870,255,543,233,6635,17196,2003,February,2566,1328,86,543,525,48,164,418,47,429,1386,7540
2003,January,1999,669,215,1199,2618,1756,1084,252,481,264,6200,16737,2003,January,2618,1756,74,481,371,26,165,384,86,331,694,6987
2003,May,1834,461,242,1048,2473,1091,500,222,369,164,6401,14807,2003,May,2473,1091,111,369,329,9,130,337,199,509,1269,6827
2003,June,1191,405,284,896,2438,1090,653,252,516,152,6715,14592,2003,June,2438,1090,136,516,340,11,131,287,105,487,1809,7350
2003,July,1483,294,297,988,2746,1006,717,216,519,168,6049,14483,2003,July,2746,1006,129,519,540,9,130,314,64,460,1246,7163
2003,September,1483,314,235,1042,2790,1352,622,332,428,416,5986,15000,2003,September,2790,1352,192,428,513,27,128,234,44,531,982,7222
2003,October,2133,501,164,1255,3062,1094,822,250,448,163,5485,15379,2003,October,3062,1094,169,448,456,26,101,300,53,496,971,7174
2003,November,1650,244,262,1356,2323,1080,994,252,456,140,6983,15741,2003,November,2323,1080,140,456,1115,16,99,200,137,467,1592,7625
2003,December,1580,438,161,1359,2471,967,602,334,376,202,5945,14434,2003,December,2471,967,199,376,469,5,157,205,10,537,1065,6461
2002,May,1659,487,419,894,2876,1059,603,178,608,236,6638,15657,2002,May,2876,1059,188,608,391,258,490,308,86,497,1127,7888
2002,April,1381,472,408,1086,2403,1022,636,602,537,395,5734,14677,2002,April,2403,1022,53,537,375,1,114,218,43,504,869,6140
2002,March,1683,343,236,918,2302,979,865,84,738,206,4569,12924,2002,March,2302,979,77,738,350,3,131,247,9,395,813,6044
2002,February,1649,442,181,1167,2251,1338,725,218,640,185,4542,13338,2002,February,2251,1338,45,640,405,11,166,205,13,454,663,6190
2002,January,2147,313,281,1033,2875,1308,1107,155,760,110,4368,14457,2002,January,2875,1308,34,760,349,87,135,195,15,384,727,6870
2002,June,1387,266,545,589,2541,1142,541,118,601,149,5120,13000,2002,June,2541,1142,469,601,251,33,103,409,16,424,900,6888
2002,July,1636,423,319,672,2707,1218,760,132,615,241,6840,15562,2002,July,2707,1218,209,615,355,6,183,452,18,484,1050,7297
2002,November,1661,303,218,1059,2526,1339,640,171,444,148,5468,13977,2002,November,2526,1339,62,444,391,14,89,339,88,354,864,6510
2002,December,1242,398,216,939,2763,925,462,126,420,183,4719,12392,2002,December,2763,925,61,420,248,2,141,1163,80,271,749,6823
2002,October,1632,337,192,912,2801,1357,665,197,476,171,5951,14692,2002,October,2801,1357,373,476,389,9,164,356,75,522,887,7409
2002,September,1858,315,151,809,2803,1232,618,247,388,132,6626,15179,2002,September,2803,1232,58,388,403,14,100,315,42,368,1372,7094
2002,August,1692,280,211,947,2429,1259,718,145,525,136,5066,13410,2002,August,2429,1259,67,525,407,3,165,351,34,292,1012,6544
2001,March,1997,568,306,965,2195,950,870,177,546,261,5334,14169,2001,March,2195,950,37,546,290,29,128,292,37,206,999,5710
2001,January,1746,531,350,848,2589,1147,998,173,528,145,4481,13537,2001,January,2589,1147,15,528,217,21,176,329,55,282,721,6081
2001,February,1827,466,253,1018,2401,842,792,142,658,291,5435,14128,2001,February,2401,842,32,658,260,21,138,323,36,148,792,5654
2001,December,1276,324,118,868,2169,1018,585,162,540,190,3728,10978,2001,December,2169,1018,48,540,156,7,184,12,9,416,660,5218
2001,April,1463,574,360,756,2263,848,588,208,391,124,3837,11411,2001,April,2263,848,10,391,256,6,147,157,66,380,690,5215
2001,May,1555,351,375,855,2843,1175,803,240,633,99,4488,13419,2001,May,2843,1175,48,633,332,19,144,246,22,329,834,6626
2001,June,1620,437,368,680,2415,1069,767,165,884,145,4385,12934,2001,June,2415,1069,36,884,307,9,120,324,38,432,781,6413
2001,July,1509,341,306,611,2678,1155,836,264,648,104,6399,14850,2001,July,2678,1155,31,648,345,24,189,405,29,344,810,6658
2001,August,705,349,267,1464,2618,1229,674,188,491,122,4454,12562,2001,August,2618,1229,35,491,268,20,226,12,38,342,841,6123
2001,September,559,300,217,652,2313,1150,490,216,341,157,4057,10452,2001,September,2313,1150,31,341,256,10,250,20,24,318,1130,5844
2001,October,824,377,229,925,2475,1382,535,167,493,133,4133,11672,2001,October,2475,1382,40,493,338,12,237,15,21,399,976,6387
2001,November,1445,466,224,950,2461,1303,603,192,841,178,3938,12602,2001,November,2461,1303,46,841,301,6,206,129,45,321,833,6491
2000,May,1470,511,291,659,1969,1199,683,172,504,189,5026,12674,2000,May,1969,1199,18,504,300,23,179,1187,62,313,671,6425
2000,April,1282,655,220,484,1607,699,728,190,400,151,3034,9448,2000,April,1607,699,3,400,402,7,71,100,42,234,419,3986
2000,March,1687,608,187,592,1823,902,1131,218,1045,181,3514,11887,2000,March,1823,902,25,1045,161,28,239,111,69,228,601,5232
2000,February,1711,440,210,512,1708,882,1190,201,60,106,3693,10713,2000,February,1708,882,16,60,215,24,168,102,40,166,525,3906
2000,January,968,367,171,408,1678,834,815,110,966,124,2683,9124,2000,January,1678,834,1,966,132,16,113,85,41,152,409,4426
2000,June,1832,387,205,705,1853,1005,18,182,704,250,4855,11997,2000,June,1853,1005,13,704,334,255,210,207,73,278,572,5505
2000,July,1909,425,190,518,1914,919,700,169,286,118,3762,10910,2000,July,1914,919,11,286,415,14,174,10,67,241,609,4661
2000,August,1715,407,217,500,2333,1013,817,155,530,186,3850,11723,2000,August,2333,1013,17,530,464,19,120,210,46,270,568,5590
2000,September,1009,472,179,462,2169,851,807,162,573,179,3323,10186,2000,September,2169,851,10,573,242,22,100,187,37,352,568,5110
2000,October,1706,416,334,763,2392,960,829,200,412,115,3809,11937,2000,October,2392,960,6,412,309,24,107,186,46,307,663,5411
2000,November,1635,487,326,856,2658,1071,968,209,583,151,4072,13015,2000,November,2658,1071,38,583,327,21,447,256,69,233,656,6359
2000,December,1731,402,274,835,2082,757,621,176,504,95,3436,10913,2000,December,2082,757,10,504,203,18,127,171,24,269,589,4754
1999,April,1360,481,347,639,1712,1023,460,168,600,84,3279,10154,1999,April,1712,1023,9,600,270,25,92,180,34,197,625,4766
1999,March,1626,523,222,651,1915,1348,976,199,654,122,3676,11911,1999,March,1915,1348,13,654,259,25,117,232,30,215,613,5422
1999,February,1270,591,255,603,1800,1192,925,169,598,158,3055,10614,1999,February,1800,1192,14,598,300,31,135,158,30,148,506,4911
1999,January,1363,247,187,577,1784,1222,757,128,451,89,2201,9007,1999,January,1784,1222,11,451,235,8,102,137,21,163,359,4494
1999,August,1431,435,278,439,1596,1034,620,142,412,179,2913,9478,1999,August,1596,1034,14,412,227,30,146,102,37,146,395,4139
1999,May,1245,598,219,541,1746,1042,516,196,549,200,2998,9850,1999,May,1746,1042,13,549,226,7,94,192,52,157,417,4495
1999,June,1473,708,315,500,1869,1227,767,225,994,161,3728,11968,1999,June,1869,1227,16,994,261,21,167,420,66,144,488,5673
1999,July,1471,923,263,421,1745,1064,613,125,482,189,3105,10401,1999,July,1745,1064,7,482,255,22,104,207,51,120,465,4520
1999,September,1295,428,174,388,1784,1308,651,270,555,105,3154,10111,1999,September,1784,1308,16,555,315,42,138,146,48,216,479,5048
1999,October,1537,324,142,494,1732,1118,659,269,438,91,2786,9589,1999,October,1732,1118,11,438,242,47,140,99,28,178,458,4490
1999,November,1556,209,178,496,1801,1134,969,215,560,80,2663,9860,1999,November,1801,1134,8,560,247,41,91,97,47,181,514,4722
1999,December,1387,306,181,405,1714,1063,1109,184,446,112,2726,9634,1999,December,1714,1063,1,446,273,22,86,83,35,166,527,4417
1998,May,1722,749,363,454,1467,1267,489,185,541,134,3717,11087,1998,May,1467,1267,11,541,150,38,105,176,64,175,509,4503
1998,April,1373,634,228,538,1629,1150,661,144,611,263,3744,10976,1998,April,1629,1150,13,611,177,51,135,100,248,216,450,4781
1998,March,1571,471,454,499,1479,1131,684,144,708,113,3260,10512,1998,March,1479,1131,16,708,141,64,172,172,57,169,483,4590
1998,February,1465,243,354,450,1205,1206,843,237,440,139,3063,9644,1998,February,1205,1206,9,440,273,26,102,97,52,210,391,4009
1998,June,1653,788,284,400,1792,1447,880,137,320,309,3626,11637,1998,June,1792,1447,27,320,250,78,114,150,76,246,502,5003
1998,July,1252,702,279,297,1916,1297,745,87,351,62,3303,10292,1998,July,1916,1297,45,351,352,103,163,107,61,170,687,5252
1998,August,952,306,144,234,1785,1576,715,106,438,98,2795,9149,1998,August,1785,1576,18,438,247,47,141,184,56,112,549,5151
1998,September,1010,309,194,358,1809,1534,859,160,410,96,3123,9861,1998,September,1809,1534,19,410,326,71,119,195,83,86,511,5163
1998,November,1361,395,202,476,1492,1353,586,138,397,148,2541,9089,1998,November,1492,1353,11,397,216,5,120,157,64,131,459,4404
1998,December,1180,356,189,592,1758,1461,497,196,549,100,2719,9597,1998,December,1758,1461,35,549,297,5,154,214,42,180,458,5154
1998,January,1420,266,261,456,1386,1326,683,138,410,105,3073,9524,1998,January,1386,1326,12,410,335,25,107,160,95,215,328,4399
1998,October,1268,329,158,510,1729,1390,642,218,520,137,2982,9884,1998,October,1729,1390,13,520,279,31,107,132,43,102,531,4878