Year,Month,Uganda,Tanzania,Zambia,Egypt,S.Africa,Zimbabwe,Other,Total,Year,Month,UK,USA,Germany,Italy,UAE,S.Arabia,France,India,S.Africa,Japan,Others,Total
2023,June,3039,3915,599,4325,6748,791,2263,21680,2023,June,3588,12020,5178,1695,32248,7655,2330,21412,6748,8748,108546,210166
2023,December,2134,3470,340,4359,5125,450,3745,19622,2023,December,2435,8453,3382,1709,31030,5007,2500,19295,5125,8877,131851,219664
2023,January,2922,2386,181,3517,3267,93,9409,21776,2023,January,3658,5769,2995,1740,33077,4013,4376,24201,3267,6822,105295,195214
2023,February,3016,2692,232,3313,5790,208,2441,17691,2023,February,2509,5766,3695,963,35619,7170,1436,13993,5790,5670,93461,176071
2023,March,3191,2909,213,4741,7319,361,3682,22416,2023,March,2479,6916,2916,2678,13925,32265,2052,27320,7319,8033,111778,217680
2023,April,2601,2685,290,3578,8551,179,2445,20329,2023,April,2237,11277,3525,2508,28148,19241,1700,27650,8551,7916,95540,208293
2023,May,4220,4094,379,4275,7350,60,2026,22403,2023,May,3344,11378,3547,1673,40741,12409,2700,26626,7350,7840,112672,230279
2023,July,3304,5378,1150,3812,7848,42,4060,25594,2023,July,3147,11290,2591,1584,32174,7781,2782,18568,7848,8415,95512,191692
2023,August,3419,4297,1156,4185,6338,372,4700,24466,2023,August,2829,13390,3498,2586,50048,9073,3935,19228,6338,8398,119500,238823
2023,September,3092,3684,1053,3889,4690,54,4868,21329,2023,September,2810,7685,2769,1733,41587,18522,4814,17757,4690,8610,104620,215597
2023,October,2728,3724,788,5526,7847,284,5504,26400,2023,October,3322,9147,2879,1449,41919,10269,4833,33670,7847,7510,118037,240882
2023,November,4265,3816,533,4053,5969,203,5310,24149,2023,November,8551,9670,2942,1568,31670,11745,3479,19455,5969,10643,153420,259111
2022,January,2121,3179,430,3849,4261,131,2701,16671,2022,January,2042,6705,3070,1719,12464,13012,1736,25494,4261,6763,116915,194180
2022,April,3222,4784,351,3677,3587,198,6771,22590,2022,April,2567,7611,2151,1162,34784,15741,1143,30751,3587,8297,87267,195062
2022,March,3260,4675,577,4189,3386,144,9064,25296,2022,March,3644,11651,2159,1642,36265,10727,1608,21419,3386,9312,111504,213318
2022,February,2535,4012,652,3190,10086,150,3078,23704,2022,February,3401,6069,2304,1877,23451,13229,1220,15144,10086,9209,97602,183591
2022,June,2775,5564,831,4237,2998,4,3655,20064,2022,June,3285,5707,3586,5986,37573,10295,2032,33638,2998,8272,114212,227584
2022,July,2530,6309,903,3971,9087,88,4187,27075,2022,July,2492,9309,2308,2045,32804,2506,1549,17322,9087,7123,126352,212897
2022,August,3536,5010,935,3360,3000,223,7527,23592,2022,August,3692,6792,2078,1423,46507,2119,2300,18790,3000,9315,142436,238452
2022,September,2672,5065,1255,3724,4354,113,7168,24350,2022,September,2903,6711,6424,1615,31570,18360,1727,16474,4354,7722,108004,205864
2022,October,3590,4355,807,2970,3758,129,3228,18837,2022,October,2195,9069,2378,1958,38083,7866,1074,14259,3758,5780,101724,188145
2022,November,3357,2844,494,4140,5799,124,4800,21560,2022,November,2898,7254,2392,1562,31677,11945,2058,16735,5799,7500,102162,191982
2022,December,3033,2579,348,3223,4343,259,7821,21606,2022,December,3286,7741,2578,1889,48884,1848,2490,16325,4343,8972,101431,199788
2022,May,3261,4906,627,3430,6403,100,2960,21687,2022,May,2344,8750,2926,1828,33331,14385,2331,23696,6403,9234,128106,233335
2021,May,1981,3643,756,4164,3543,205,2625,16916,2021,May,2858,5832,2925,2781,17776,4563,2043,16829,3543,7336,95205,161690
2021,April,2333,3037,548,3368,2952,374,3051,15664,2021,April,2401,4101,2779,1224,11953,11415,1498,21489,2952,8772,93105,161689
2021,March,3110,3438,273,4914,4653,591,3053,20032,2021,March,3484,9257,5617,2384,14751,8437,2420,19363,4653,9321,107742,187429
2021,February,2690,3251,301,3243,2352,114,4190,16140,2021,February,2999,5463,2937,2497,8299,7734,1981,17488,2352,6429,101156,159334
2021,January,2742,2900,217,4068,3817,120,2687,16551,2021,January,2319,5491,3220,1201,15031,10091,1816,13322,3817,6677,97735,160717
2021,June,2095,4039,530,4395,4966,4,2492,18521,2021,June,2784,6007,3499,2176,8881,2250,1588,21458,4966,7432,98908,159949
2021,July,1887,6431,679,3091,2576,8,2263,16935,2021,July,2352,6081,2905,3441,11580,9103,1226,20282,2576,9484,108048,177077
2021,August,2091,6549,669,4312,3854,5,2986,20466,2021,August,2733,6902,3414,1963,19660,10623,2493,15499,3854,9012,96554,172708
2021,September,2200,5836,525,4452,4506,38,2662,20220,2021,September,2763,13251,7830,2188,14405,15203,2542,22495,4506,5946,99300,190429
2021,October,2466,6150,598,3215,4228,199,4122,20978,2021,October,2206,7718,2154,1415,19562,14834,1299,19206,4228,9784,105088,187496
2021,November,4876,4887,634,4748,3673,109,6845,25772,2021,November,3066,7029,2778,1662,12806,13396,1782,20633,3673,7859,117019,191702
2021,December,1863,3544,414,4918,2958,126,3079,16902,2021,December,3628,7114,2937,1779,23831,7031,1802,22913,2958,9777,119635,203405
2020,April,1369,2037,142,3131,3087,615,3078,13460,2020,April,1847,6398,3292,1443,6139,3740,1483,11616,3087,7514,69863,116423
2020,March,1935,1655,275,2725,5464,717,2817,15589,2020,March,2734,4390,3236,1375,11533,9058,1436,21327,5464,8043,68965,137561
2020,February,2079,1621,244,3965,3897,182,2214,14203,2020,February,1913,4232,2309,2637,3545,6309,2037,20992,3897,6485,79108,133464
2020,January,1750,2336,570,4068,4993,271,2739,16727,2020,January,2683,4372,3897,1769,12573,8801,2326,15598,4993,8163,90257,155431
2020,October,2334,2352,455,4338,3078,858,3046,16461,2020,October,2524,4377,2258,1888,13898,3958,2166,15641,3078,7288,88089,145164
2020,May,1287,1558,90,2781,3478,333,1818,11346,2020,May,2655,5470,3368,1482,3442,2249,1611,11375,3478,5345,68775,109250
2020,June,1929,1549,115,3553,3625,650,1525,12946,2020,June,2050,4556,3798,1878,4535,1729,2517,14207,3625,5980,76695,121570
2020,July,1772,2785,272,3296,4539,310,1320,14294,2020,July,2062,4941,3170,2022,5965,5132,2274,15773,4539,7389,86496,139763
2020,December,3199,3291,282,4783,2986,544,5916,21002,2020,December,3064,4366,3189,2348,9574,3928,1722,15383,2986,9728,105168,161456
2020,November,2060,2375,425,3988,3479,455,2922,15703,2020,November,2242,4195,2181,3376,7489,6157,2265,16498,3479,6902,84257,139040
2020,September,2245,2970,494,4049,4188,384,1464,15793,2020,September,2537,4429,2210,1402,10029,11713,1378,14556,4188,7555,83340,143337
2020,August,2010,2960,251,4175,2965,345,1735,14442,2020,August,2881,4581,7296,1968,3561,6229,2068,15621,2965,7203,83416,137789
2019,January,2293,1763,356,4184,6783,326,4043,19747,2019,January,2640,4649,3212,1594,15110,13078,2045,13050,6783,7831,85928,155920
2019,February,2256,1400,170,2938,4997,384,3014,15159,2019,February,2614,5122,4544,2597,9849,6618,1518,13223,4997,6505,84682,142269
2019,March,2239,1874,1011,3454,5636,394,3346,17955,2019,March,3118,4081,2792,1216,6610,17192,3044,10947,5636,5564,65051,125251
2019,April,2240,2278,354,2857,6145,683,3007,17565,2019,April,2559,4828,5865,1922,21751,8056,1478,19518,6145,9786,68243,150152
2019,May,2580,2592,512,3430,7257,477,3038,19886,2019,May,3180,8921,3381,1708,19304,9276,2199,18010,7257,7318,75284,155837
2019,June,2345,3046,450,2514,7691,250,3215,19511,2019,June,3149,3748,2610,1057,15736,12975,1270,12274,7691,8952,79976,149439
2019,July,3057,3715,870,4233,8644,389,1900,22808,2019,July,2341,6060,7364,1666,13758,15620,1568,11679,8644,8910,75980,153590
2019,August,3121,2847,1103,4131,7022,317,3573,22114,2019,August,2982,5076,3334,1345,8880,5631,2797,20227,7022,9214,78997,145504
2019,September,5106,2149,816,3173,6211,278,3797,21530,2019,September,3183,6726,3128,2590,11985,10099,1567,16425,6211,6942,80519,149375
2019,October,3729,2251,356,5766,4825,237,3461,20625,2019,October,3368,5536,3756,1545,11291,11224,2298,14164,4825,9538,91630,159175
2019,November,3258,2128,240,3034,5489,222,2596,16967,2019,November,3492,2960,3248,1961,18837,2193,2329,17945,5489,9075,91658,159188
2019,December,2062,1474,446,2857,3341,358,4421,14958,2019,December,2640,4565,3205,1925,14765,15203,2578,11412,3341,9798,85831,155261
2018,May,4959,1372,322,2862,5485,35,1799,16835,2018,May,2639,3114,6627,2936,16078,13494,1574,18142,5485,5609,92323,168020
2018,April,3714,1455,194,3503,5556,13,2564,16999,2018,April,2289,4636,3995,2531,22353,10404,1916,16569,5556,7505,72247,150002
2018,March,4305,1226,447,2551,6447,74,2268,17317,2018,March,2256,6666,3772,1632,18589,14032,1373,11455,6447,7849,77967,152039
2018,February,5546,1646,845,3411,4902,53,2260,18662,2018,February,2291,5846,2985,2519,9906,9645,2084,15333,4902,6067,67366,128943
2018,January,6943,1688,1246,3102,5955,64,3060,22058,2018,January,3160,8422,2987,2036,5397,12913,1926,21469,5955,8455,84798,157517
2018,June,4544,1069,403,2977,6145,1,1777,16917,2018,June,2769,2684,3184,2100,8831,18885,1698,9084,6145,7345,79801,142526
2018,July,4058,1768,362,3631,5954,103,2029,17905,2018,July,2761,3913,4132,1491,8140,21452,2367,14313,5954,9138,78988,152648
2018,August,3421,1121,394,2468,4732,106,3433,15675,2018,August,3093,3400,3345,2642,11004,20263,1805,14726,4732,8324,75973,149307
2018,September,3666,1354,672,2718,3254,259,2689,14612,2018,September,2262,3543,3673,1551,9724,4558,2035,24813,3254,8915,65468,129796
2018,October,3087,1733,933,2897,5557,403,2233,16843,2018,October,2459,4055,4873,2053,15988,17310,2268,15204,5557,8760,70717,149246
2018,November,3098,2003,584,3300,5792,286,2299,17363,2018,November,2787,3656,3032,2535,15162,12713,2802,13644,5792,13797,77571,153492
2018,December,2095,1383,482,2920,4954,371,2584,14787,2018,December,2790,3312,3993,1705,6245,17034,2081,10501,4954,8058,66014,126686
2017,May,3620,1550,571,2697,4960,212,3483,17093,2017,May,2951,4572,3241,2320,9188,8409,3511,19755,4960,7166,85349,151422
2017,April,1551,1075,192,2054,5214,177,2732,12995,2017,April,2208,7252,2464,2032,8867,8811,1973,13507,5214,7562,69171,129061
2017,March,2310,1132,269,2863,5420,563,1867,14426,2017,March,2870,6633,3401,1998,5663,12798,1776,17598,5420,8081,74891,141129
2017,February,2325,1168,231,2619,3951,357,1874,12524,2017,February,2026,4671,2645,2242,8041,14021,2335,10524,3951,4717,75668,130841
2017,January,2180,1667,178,3685,4675,35,2125,14544,2017,January,2443,3198,2702,2152,9227,9551,1639,19717,4675,6068,89362,150734
2017,June,3504,1245,1011,3119,6952,13,3197,19040,2017,June,2383,4253,5063,1036,11279,6042,3226,14889,6952,7102,80789,143014
2017,July,2725,1398,1400,3160,5743,439,2632,17497,2017,July,2262,6236,5789,2170,17883,7444,1988,10274,5743,8432,97352,165573
2017,August,2903,1307,402,3015,5781,232,5806,19446,2017,August,2372,3504,2491,2250,14528,10109,2779,10784,5781,5500,84194,144291
2017,September,4005,1545,446,3264,5515,244,2460,17479,2017,September,2676,3697,5334,1600,16308,2536,2299,13198,5515,5652,82973,141787
2017,October,2925,1306,1102,2429,4878,213,2552,15404,2017,October,2135,3402,3836,1436,8440,15241,1672,13069,4878,7519,86229,147857
2017,November,7587,1916,384,3634,4602,367,2091,20580,2017,November,2624,4941,2800,1270,13446,10493,1716,14983,4602,5959,75317,138151
2017,December,6407,1871,1556,2844,4189,94,2555,19517,2017,December,3101,5019,3222,1882,15489,9153,1922,12112,4189,7905,77770,141763
2016,May,1269,1061,139,1882,4751,8,2246,11355,2016,May,3216,3936,3842,1873,5190,3068,1573,20838,4751,6011,61870,116169
2016,April,814,983,644,2302,3631,11,1881,10266,2016,April,2863,6072,3915,1894,7145,8121,1729,19605,3631,7499,62336,124810
2016,March,1033,846,372,2227,3629,118,3200,11425,2016,March,3124,3888,3811,1305,3492,5404,1916,22702,3629,6377,58773,114421
2016,February,1179,916,544,1746,2838,9,1146,8378,2016,February,1866,3778,3570,2083,5972,2505,1753,17888,2838,8023,50183,100458
2016,January,1769,984,420,2613,3455,192,895,10329,2016,January,2282,3376,4088,1493,4944,5180,1872,16505,3455,6100,57189,106483
2016,June,1697,1271,228,2272,4553,0,1781,11802,2016,June,3038,4483,4212,2163,11644,5659,1906,16797,4553,6229,66534,127217
2016,July,954,1270,298,2321,4626,1,805,10273,2016,July,2614,4955,3803,1938,11581,6172,2062,10612,4626,7830,61128,117321
2016,August,1439,1236,387,2234,4259,2,1814,11371,2016,August,3065,3793,2935,1785,9860,5118,1932,15750,4259,8165,76262,132924
2016,September,2143,1043,307,3367,4977,136,2628,14600,2016,September,2387,3616,3074,2299,10290,5272,1907,13652,4977,6749,70205,124428
2016,October,2308,966,289,2401,3886,286,1794,11931,2016,October,3063,2624,2879,2107,9442,9386,1574,16571,3886,5080,58566,115177
2016,November,3141,1173,375,3418,4445,139,1962,14653,2016,November,2853,3311,3648,2365,7277,6932,1686,16383,4445,7246,73186,129332
2016,December,1530,1056,197,3259,4809,356,2655,13862,2016,December,3116,3988,3578,2434,4644,6441,1623,18198,4809,7101,67085,123014
2015,May,1465,2022,204,1756,5148,3,1157,11755,2015,May,3981,16707,3955,1763,5592,8078,1739,24414,5148,7316,65346,144039
2015,April,1111,2013,410,2582,4812,30,2227,13185,2015,April,3902,12854,3717,1691,10849,5253,1526,15105,4812,8330,61697,129737
2015,March,1237,1263,324,1522,5673,15,1412,11447,2015,March,3418,4084,3421,1599,4521,4308,1581,19371,5673,6469,57630,112075
2015,February,3128,1405,376,2066,3481,7,1491,11953,2015,February,2651,4724,3844,2093,3502,3745,1197,20201,3481,5538,62168,113143
2015,January,2217,1191,522,2386,4864,2,1332,12514,2015,January,3263,9458,3333,2095,4242,8660,1358,25325,4864,6065,58986,127649
2015,June,2228,1725,218,2266,4861,13,1362,12674,2015,June,3005,3935,6712,1739,8787,3026,1801,24526,4861,7138,62637,128168
2015,July,1438,1974,300,2445,5670,13,1243,13083,2015,July,7399,4877,4618,2250,9916,7550,1985,13235,5670,7631,79022,144153
2015,August,1437,1514,394,1528,5227,0,1667,11768,2015,August,3340,3976,4811,2627,13026,1740,1709,19933,5227,8592,60715,125696
2015,September,2111,1326,428,2388,6018,65,1692,14028,2015,September,3015,4395,3584,1625,6360,2046,2273,23958,6018,7925,77544,138743
2015,October,1736,769,341,1773,6303,1,914,11838,2015,October,3181,3019,3149,1438,8728,6906,2270,18567,6303,7679,65402,126643
2015,November,2827,871,224,2604,5520,69,1810,13924,2015,November,2966,49517,3069,2183,6152,2462,1187,23354,5520,7780,58875,163063
2015,December,1348,834,154,2500,3735,6,2354,10930,2015,December,2850,8496,3169,1619,8899,1531,2437,24535,3735,7777,59401,124449
2014,May,711,1825,329,2278,3325,9,1129,9605,2014,May,3435,21224,4239,1334,10899,2683,1648,26414,3325,6930,68348,150478
2014,March,699,1185,295,1191,6635,25,924,10953,2014,March,4244,13062,7096,1279,10818,2730,1537,31811,6951,6381,53377,139285
2014,April,643,1138,291,2379,6951,110,2067,13578,2014,April,4244,13062,7096,1279,10818,2730,1537,31811,6951,6381,53377,139285
2014,February,576,1214,374,2178,5355,120,2511,12328,2014,February,3428,4301,3327,1768,7351,5525,1325,19390,5355,4266,51036,107072
2014,January,1594,940,244,2076,6125,62,755,11796,2014,January,6035,5258,3985,1861,8300,4253,2033,16962,6125,9350,65953,130116
2014,June,917,2133,163,2000,4467,3,1422,11105,2014,June,3263,3863,3435,1259,5733,2040,1314,18896,4467,6795,62626,113690
2014,July,875,2349,264,2044,4527,104,1014,11178,2014,July,4154,30588,3322,1589,10345,7003,1475,25363,4527,7403,52970,148740
2014,August,904,1353,882,1845,4362,13,1124,10483,2014,August,3230,23925,3873,1905,11267,2146,2104,19126,4362,7564,64462,143962
2014,September,2683,1459,338,2070,4958,6,1128,12641,2014,September,2983,14345,4320,2793,6991,8432,4286,21930,4958,7606,81291,159936
2014,October,2612,1860,547,1926,7302,2,1093,15342,2014,October,4041,29507,3433,2241,12972,2451,2231,22548,7302,7050,63627,157402
2014,November,3214,1638,283,2149,5245,7,1232,13767,2014,November,3268,12662,2813,1637,6517,9665,1310,18199,5245,5613,54672,121600
2014,December,2124,1270,372,3398,4644,34,1529,13371,2014,December,5666,6142,4740,1256,3633,5654,1599,27461,4644,9950,67439,138183
2013,May,775,1172,111,1835,5365,98,1839,11194,2013,May,4584,4505,3254,1638,19605,3728,1759,15882,5365,6289,47093,113702
2013,April,728,877,365,2177,5731,1,1308,11186,2013,April,4766,5223,4274,1465,12936,5529,1273,15682,5731,7462,54323,118664
2013,March,1070,666,120,2006,5686,57,2252,11857,2013,March,3038,4064,2905,1930,19509,3691,1110,8757,5686,6126,51999,108816
2013,February,858,1226,196,2272,4865,70,1519,11006,2013,February,4502,4881,1932,1604,11654,4954,1720,21511,4865,4570,54225,116418
2013,January,1957,778,168,3174,4191,186,2968,13423,2013,January,5011,6272,2730,1098,10768,1885,2177,25159,4191,6286,65188,130765
2013,June,1027,815,155,1816,5374,16,611,9813,2013,June,3711,4509,2723,1004,3257,1358,992,24197,5374,7116,42820,97061
2013,July,512,1138,634,2302,6280,99,1862,12827,2013,July,4107,5973,3875,1261,6787,1605,1624,17666,6280,6928,68102,124207
2013,August,1137,990,320,2124,9852,83,980,15486,2013,August,3625,4637,3163,1569,8778,6185,1325,15268,9852,9054,56188,119644
2013,September,1334,970,211,1417,4584,24,3198,11737,2013,September,4141,4866,3074,3489,3152,2769,1572,31024,4584,6112,47534,112318
2013,October,3203,1259,250,2430,6643,83,966,14834,2013,October,4054,4737,3634,1648,6432,2352,2789,34138,6643,7907,57874,132206
2013,November,2082,868,129,2518,5666,42,1380,12684,2013,November,4286,3832,2578,1646,8869,3133,2238,14758,5666,7506,61513,116025
2013,December,1403,907,233,1532,6427,61,1142,11705,2013,December,3193,3894,3345,1962,5603,4235,2077,32594,6427,7941,47711,118982
2012,May,910,1395,178,2896,6264,263,1371,13276,2012,May,4915,7678,3990,1612,11874,8016,2260,22071,6264,6090,54007,128776
2012,April,1066,1337,162,1601,4803,108,1696,10773,2012,April,3342,6464,2914,1078,9561,2524,1491,19025,4803,4365,47198,102765
2012,March,764,1322,256,3505,6620,43,1078,13587,2012,March,3093,5894,3746,1476,28534,12718,1976,8415,6620,5195,46954,124622
2012,February,844,1011,178,1976,3932,126,1675,9742,2012,February,3219,5790,2932,1705,6975,6888,1934,13755,3932,3130,51800,102062
2012,January,1096,1057,255,1887,4536,113,1933,10876,2012,January,3195,2967,2514,1434,9814,4925,2303,11250,4536,4435,54285,101659
2012,June,1215,1072,249,2677,5383,22,1129,11748,2012,June,3021,4456,4415,1313,17145,5551,1897,11947,5383,4586,52344,112058
2012,July,1839,1241,452,5936,5404,133,1051,16055,2012,July,3822,7712,2925,2044,14358,3810,1647,21939,5404,6020,53736,123414
2012,December,904,1109,542,1402,4841,69,1171,10038,2012,December,3199,4632,2686,1512,11787,3104,3996,20640,4841,7570,53091,117058
2012,November,1386,1466,185,2374,6258,100,1496,13264,2012,November,4345,4175,4119,1481,13272,2413,2001,19297,6258,6318,66216,129895
2012,October,1472,1192,121,2056,4990,25,1137,10994,2012,October,4795,4120,4034,1332,7038,5620,2762,19036,4990,4355,52844,110925
2012,September,2348,1053,102,1840,4751,28,821,10942,2012,September,3419,5070,3363,1946,7379,6188,2357,14210,4751,4511,54274,107468
2012,August,1477,1147,200,1697,4279,24,806,9631,2012,August,3488,7021,3922,3804,12264,5159,2470,13661,4279,6658,53377,116102
2011,February,910,1593,181,1182,5016,7,978,9867,2011,February,2379,2336,2174,579,12083,1032,1475,11783,5016,3914,42788,85558
2011,March,665,891,160,1473,7883,138,2378,13588,2011,March,3141,5670,2452,1318,18716,1889,1527,11815,7883,4363,50958,109733
2011,April,669,1409,237,849,6096,126,1541,10926,2011,April,3055,2254,2251,708,13198,1748,1376,11904,6096,3644,40756,86988
2011,May,536,1307,302,1414,5179,134,2628,11499,2011,May,4901,3190,2726,1364,18034,3183,1280,15160,5179,5413,56400,116830
2011,June,1211,2664,351,2042,5071,121,1067,12528,2011,June,3144,3051,3112,1027,18393,6156,1497,11159,5071,4308,47388,104305
2011,July,588,1404,495,1251,6943,311,1527,12520,2011,July,3541,4365,3322,1588,12466,1853,1520,10152,6943,4794,52354,102898
2011,August,804,1086,556,1535,5518,121,3163,12784,2011,August,4731,3425,2758,1118,21191,3891,1930,11048,5518,8628,71884,136123
2011,September,1540,778,942,1610,6086,110,3424,14489,2011,September,5055,5045,2733,1307,12484,2578,1938,17491,6086,4456,64528,123701
2011,October,1307,1255,937,1278,6011,383,2059,13230,2011,October,3785,3979,2503,1117,19549,9281,1917,10174,6011,4848,52574,115738
2011,November,878,1224,465,2125,6708,17,5485,16903,2011,November,3200,4598,3391,1600,19170,12336,1845,12028,6708,5376,56065,126317
2011,December,802,985,657,1482,5417,62,4235,13640,2011,December,4007,4244,2667,1944,21511,7902,1959,11393,5417,5955,49937,116937
2011,January,426,1075,292,1629,5353,130,972,9878,2011,January,2269,2410,1893,845,12596,1843,1610,14665,5353,2985,44059,90528
2010,December,823,923,159,1892,6627,63,1873,12360,2010,December,3556,6159,2163,875,7592,1943,2667,11810,6627,10442,39579,93412
2010,January,630,1038,48,733,6877,45,1003,10374,2010,January,3357,3361,1982,1264,9043,2319,842,7998,6877,3278,30878,71199
2010,February,652,558,138,1170,3223,50,579,6370,2010,February,2217,2412,2150,795,3839,4960,1216,6217,3223,3468,29829,60328
2010,March,670,1201,132,1441,4576,147,1415,9583,2010,March,2486,3766,2044,650,12507,3254,1776,9814,4576,4901,29459,75233
2010,April,365,837,177,1107,4650,125,640,7900,2010,April,3712,3804,2024,1616,8790,5881,852,6345,4650,5588,28846,72107
2010,May,1229,675,137,1930,4961,59,649,9641,2010,May,2449,2280,1614,1377,15949,1119,1283,11148,4961,4128,34008,80317
2010,June,660,587,154,1404,4388,0,1680,8874,2010,June,3435,2841,2006,775,11065,1446,1625,7595,4388,4211,39823,79208
2010,July,352,703,309,1574,4614,14,1472,9038,2010,July,2806,2555,3465,959,9996,1565,1484,7600,4614,3867,41654,80566
2010,August,1653,1076,237,1449,4667,5,1015,10102,2010,August,2341,2385,2087,1253,6385,1174,1261,8381,4667,4857,38225,73016
2010,September,880,1188,328,2204,5412,11,1414,11438,2010,September,2514,4077,2501,754,11045,858,1692,7440,5412,4726,47621,88641
2010,October,854,888,267,1716,4832,4,736,9297,2010,October,2363,2708,2229,860,12441,2256,1585,10337,4832,3809,39262,82682
2010,November,460,883,373,1789,5010,49,1336,9899,2010,November,18516,2967,2124,804,7398,5499,2369,8567,5010,4996,44475,102725
2009,May,343,411,157,477,5314,6,467,7176,2009,May,2088,3862,1550,920,3406,2857,990,5937,5314,4694,27079,58700
2009,April,282,587,129,737,6091,11,557,8395,2009,April,3981,4046,1701,1283,2643,2241,1596,8342,6091,3552,30324,65799
2009,March,137,872,129,718,8615,111,1079,11659,2009,March,2364,4230,2198,687,5790,1473,1792,5663,8615,3076,25408,61297
2009,February,428,615,123,619,4739,344,820,7687,2009,February,2069,2125,1553,2348,5642,2806,1567,5370,4739,2265,30078,60563
2009,January,270,528,44,982,4113,64,616,6617,2009,January,2371,8393,2255,1257,3315,1966,1531,6572,4113,4522,29883,66177
2009,June,321,551,78,606,6582,19,440,8598,2009,June,3567,2147,1684,1257,9905,1934,1038,6853,6582,3767,24177,62911
2009,July,993,478,104,598,8634,3,640,11450,2009,July,4881,3413,1814,946,6395,1234,971,4958,8634,3674,26820,63738
2009,August,368,444,154,591,4108,8,1347,7021,2009,August,3141,1839,2019,1100,9426,1359,1541,7726,4108,4235,23274,59768
2009,September,352,598,145,928,5655,1,466,8146,2009,September,4238,3524,1892,1131,12146,2793,1035,7012,5655,4874,25061,69361
2009,October,329,786,128,996,5261,1,1178,8680,2009,October,3178,6663,1830,1303,7220,2023,1261,9425,5261,4754,29440,72359
2009,November,254,966,151,1351,6512,3,1211,10448,2009,November,2688,4762,1699,592,10148,1713,1321,7366,6512,4304,28045,69148
2009,December,350,972,229,995,4936,31,1282,8795,2009,December,2319,5050,2535,1065,13675,5123,1243,8017,4936,5140,29171,78275
2008,May,200,578,128,645,3006,35,1655,6247,2008,May,1873,3606,1483,833,10534,1302,880,9281,3006,3035,21043,56877
2008,April,73,485,148,857,3155,35,1337,6092,2008,April,1749,2910,1922,873,12274,2319,1021,5982,3155,3485,19095,54785
2008,March,762,531,118,444,3066,4,427,5353,2008,March,1746,2985,1867,806,6839,4363,1042,6476,3066,3488,20521,53201
2008,February,647,590,52,948,3211,1,700,6148,2008,February,2921,2034,2603,1029,9511,945,1356,5138,3211,3482,25820,58051
2008,January,44,517,98,1039,3939,6,2189,7832,2008,January,2164,1498,1779,1107,13324,1195,1980,6779,3939,3998,26578,64341
2008,June,557,689,171,945,3313,11,718,6404,2008,June,1835,1442,1583,896,3515,844,889,6384,3313,2904,26351,49957
2008,July,299,756,157,1287,3887,3,1746,8135,2008,July,1775,2629,2189,168,19339,2048,1156,7921,3887,4811,24376,70300
2008,August,451,587,270,814,3314,6,750,6192,2008,August,2569,1876,2707,1171,6508,2488,1007,10099,3314,4063,36842,72645
2008,September,257,588,357,584,3642,28,858,6313,2008,September,1873,2108,3167,1529,12326,4813,1385,8706,3642,3606,31617,74773
2008,October,1162,569,65,889,4723,3,2360,9771,2008,October,3854,2538,2402,1285,7753,1414,1471,7769,4723,3677,37968,74856
2008,November,722,830,110,1274,7604,3,955,11500,2008,November,2602,2183,2651,761,5248,997,1655,9794,7604,3518,31375,68388
2008,December,47,546,179,1124,3830,19,983,6729,2008,December,3015,1739,2592,1421,6637,3148,2548,6200,3830,4774,32663,68568
2007,May,526,629,98,827,2294,115,722,5211,2007,May,2194,1808,1771,1232,7181,3619,1231,4728,2294,3700,21741,51499
2007,April,266,409,81,1287,3411,51,617,6122,2007,April,2257,1784,1521,1358,4254,781,1415,5858,3411,3016,17934,43589
2007,March,74,418,140,2827,2660,36,948,7103,2007,March,2564,2777,1341,881,8552,959,1095,3961,2660,3072,17965,45827
2007,February,64,450,273,358,2187,83,586,4001,2007,February,2424,18002,1695,1034,7800,817,1295,3889,2187,2751,15024,56917
2007,January,232,684,231,648,2018,37,1359,5210,2007,January,2806,7411,1620,891,4408,2824,1022,4863,2018,2811,17620,48294
2007,June,958,432,114,659,3305,60,412,5940,2007,June,2429,1583,2279,993,8045,684,1333,3642,3305,3246,22662,50201
2007,July,1331,688,105,752,2657,8,769,6309,2007,July,3109,2870,2126,1279,8559,1045,1502,3280,2657,3517,23247,53191
2007,August,286,751,210,654,3497,10,527,5935,2007,August,2059,1705,1724,1036,9623,844,2811,4810,3497,3671,20825,52604
2007,October,178,556,141,584,3379,14,600,5451,2007,October,2775,1978,2421,1363,9123,3460,1790,8299,3379,3707,20753,59049
2007,September,908,505,213,844,2764,9,764,6006,2007,September,3079,1079,2547,1462,6899,763,963,5099,2764,4092,19713,48460
2007,November,479,649,239,531,4365,3,2192,8458,2007,November,2512,1729,2025,1114,12480,688,953,5526,4365,4208,22131,57732
2007,December,676,508,184,1200,2825,8,899,6300,2007,December,1215,1801,1102,586,2545,1111,1082,2896,2825,3350,19243,37757
2006,May,46,261,203,1213,3422,8,677,5830,2006,May,2086,2899,1241,811,6035,3462,684,2554,3422,3522,15717,42434
2006,April,99,263,123,483,2559,8,1002,4536,2006,April,1735,1721,1491,732,4634,1189,675,2251,2559,1887,28402,47275
2006,March,48,461,0,1035,3189,6,752,5491,2006,March,2066,1344,1800,951,8560,840,864,2806,3189,2086,16193,40698
2006,February,35,240,34,360,2308,6,287,3270,2006,February,5367,1276,1197,1084,3542,3644,919,2089,2308,1440,15676,38542
2006,January,18,226,190,618,3347,10,651,5059,2006,January,5584,492,979,1105,7652,806,1072,2618,3347,1895,14079,39630
2006,June,56,335,104,812,3018,7,441,4772,2006,June,1833,5393,1082,792,3456,3876,837,3004,3018,1930,17089,42310
2006,July,66,306,114,468,2980,13,1308,5256,2006,July,1647,1017,1160,1369,7999,999,940,2429,2980,2612,16725,39876
2006,August,194,432,134,571,2593,10,842,4776,2006,August,2788,1130,2574,1287,8866,5824,1316,3961,2593,2647,16897,49881
2006,September,104,377,136,502,2520,14,6419,10072,2006,September,2578,2152,2020,1124,4530,811,759,3998,2520,2451,21225,44169
2006,October,115,748,110,525,2953,37,781,5269,2006,October,2896,1053,1495,1014,6451,3659,697,4458,2953,3051,20160,47887
2006,November,104,387,85,922,2696,50,669,4914,2006,November,3373,4152,2311,1161,9732,615,857,3581,2696,3011,17662,49152
2006,December,111,412,117,698,2266,34,451,4090,2006,December,2412,2094,1562,652,6038,722,990,3907,2266,2885,21485,45014
2005,May,84,203,33,948,3764,41,735,5809,2005,May,3701,1101,1085,628,6335,4228,758,2900,3764,1984,11418,37903
2005,April,65,322,83,517,2585,8,136,3716,2005,April,4771,16475,1308,590,6945,2829,680,1927,2585,1993,10832,50933
2005,March,50,221,70,616,4008,50,794,5809,2005,March,3893,1849,1032,435,6334,2118,477,1868,4008,2274,11592,35879
2005,February,33,166,62,423,2004,33,1245,3967,2005,February,3377,627,943,647,1557,2464,2114,1701,2004,1960,11486,28880
2005,January,921,213,72,574,3119,85,897,5883,2005,January,3817,728,873,719,4001,5087,1135,1791,3119,2080,15156,38506
2005,June,60,294,43,394,3247,32,279,4349,2005,June,4821,16228,1290,538,1852,2641,1182,1478,3247,1758,10942,45977
2005,July,32,198,45,414,2310,18,589,3607,2005,July,1054,549,988,715,8529,1858,556,1160,2310,1079,12638,31436
2005,August,22,288,58,622,11843,9,477,13320,2005,August,8916,1011,1709,594,3964,651,1223,1405,11843,2118,12281,45715
2005,September,22,273,80,393,2306,7,559,3640,2005,September,4608,784,1378,587,4470,1198,787,2359,2306,2041,15855,36372
2005,October,17,174,107,485,1815,9,795,3402,2005,October,5349,1040,1581,824,4472,3119,1167,1894,1815,1474,13466,36200
2005,November,27,257,110,437,2352,10,421,3614,2005,November,5012,728,1592,592,7834,705,1804,2190,2352,1808,11951,36567
2005,December,36,259,44,366,2947,23,481,4156,2005,December,6699,1462,1956,989,5837,694,2053,3613,2947,2440,11437,40126
2004,April,57,106,83,1104,2102,24,1242,4717,2004,April,1468,3549,958,661,2970,1700,1672,1577,2102,1710,11017,29385
2004,March,107,120,76,737,3045,44,958,5087,2004,March,1956,782,1022,571,2265,4412,869,1595,3045,1818,11442,29775
2004,February,27,96,78,483,1819,27,284,2815,2004,February,1737,437,831,523,3752,1117,1150,1403,1819,1636,11163,25568
2004,January,39,128,35,398,2182,40,428,3250,2004,January,1589,440,761,295,5296,1249,1039,1626,2182,1827,9235,25538
2004,July,521,148,21,305,2515,12,762,4284,2004,July,1646,1241,1599,319,3419,1911,858,1237,2515,2063,12590,29398
2004,May,34,88,42,457,3176,40,360,4196,2004,May,1427,707,1174,378,2902,2575,590,2674,3176,1689,9017,26309
2004,June,45,102,40,733,2789,55,381,4145,2004,June,1432,903,1145,865,827,3227,848,2695,2789,2419,13551,30703
2004,August,49,261,47,475,2964,19,389,4204,2004,August,2028,1333,940,730,6671,640,1845,1841,2964,2393,12109,33494
2004,September,19,17,31,270,2783,37,413,3570,2004,September,2072,821,945,546,2776,5333,1319,2628,2783,2117,9384,30723
2004,October,38,226,104,485,2915,39,696,4503,2004,October,3569,1431,1012,451,3817,2434,596,1335,2915,2177,8371,28106
2004,November,28,188,74,426,4599,61,312,5688,2004,November,3891,989,1618,903,3124,2911,613,1319,4599,2079,11531,33578
2004,December,34,264,12,554,3741,81,989,5675,2004,December,4316,1768,1123,906,4001,4019,794,2704,3741,2213,12650,38234
2003,August,54,119,66,293,1692,33,219,2477,2003,August,1452,580,752,340,4430,1155,1198,1038,1692,1297,6894,20830
2003,April,54,84,33,513,1760,41,183,2668,2003,April,1978,799,1607,528,1966,835,624,1022,1760,1738,8924,21781
2003,March,159,121,44,479,1439,35,387,2664,2003,March,1565,734,860,440,2564,2770,655,1620,1439,1322,7441,21410
2003,February,81,138,25,193,1945,52,480,2913,2003,February,1274,644,578,481,3658,433,939,1188,1945,1407,10568,23114
2003,January,286,122,20,412,1801,59,451,3150,2003,January,2139,1084,701,732,1580,2612,749,1265,1801,1442,10215,24320
2003,May,112,105,28,540,2248,42,256,3331,2003,May,1489,400,1158,442,2467,2833,819,1092,2248,1387,8760,23094
2003,June,44,89,23,451,1608,60,401,2676,2003,June,1292,6080,865,533,2431,2106,546,1001,1608,1478,7930,25871
2003,July,112,138,25,622,2463,97,384,3841,2003,July,1455,367,930,577,1818,2894,753,1096,2463,1544,12573,26469
2003,September,26,133,16,408,2117,44,474,3219,2003,September,1485,743,850,331,4200,1299,645,1383,2117,2511,6792,22355
2003,October,43,120,29,415,2539,931,547,4623,2003,October,1647,1405,891,473,1476,3399,657,1405,2539,1328,10021,25241
2003,November,19,90,40,289,1609,35,811,2892,2003,November,1644,1118,735,628,2057,1022,636,1165,1609,1351,9389,21353
2003,December,33,109,38,242,2083,65,275,2845,2003,December,2200,434,1034,335,3272,2947,737,1535,2083,1807,9600,25985
2002,May,10,47,34,260,1468,53,242,2115,2002,May,1877,654,749,327,3374,1536,577,1645,1468,1636,7218,21060
2002,April,16,53,28,215,531,54,176,1072,2002,April,1309,458,1377,203,2761,2426,805,834,531,927,6508,18140
2002,March,83,95,9,221,514,63,582,1567,2002,March,1562,338,3804,271,3190,451,604,865,514,1434,9160,22194
2002,February,16,76,9,299,412,36,375,1222,2002,February,1425,758,414,417,317,479,1160,917,412,838,6763,13899
2002,January,35,58,45,226,422,48,1303,2114,2002,January,3392,1015,893,710,1757,1524,863,1009,422,1893,20082,33560
2002,June,13,57,39,249,1145,14,199,1716,2002,June,1433,1465,583,315,1720,610,808,1015,1145,1316,10856,21267
2002,July,76,67,32,261,1408,79,290,2214,2002,July,1612,891,875,282,1945,1356,1001,1335,1408,1974,8236,20915
2002,November,149,78,17,243,1570,52,498,2605,2002,November,1999,666,909,284,2902,270,1223,1178,1570,2328,7701,21031
2002,December,16,48,29,276,1688,58,592,2707,2002,December,1547,5546,633,271,2150,850,864,1054,1688,1348,6623,22574
2002,October,28,89,26,235,2283,950,355,3965,2002,October,1718,1376,1041,208,1836,1492,719,1548,2283,927,9302,22451
2002,September,10,70,40,188,1651,58,391,2408,2002,September,1775,537,831,545,2600,1857,480,1030,1651,1357,6795,19458
2002,August,213,65,36,191,1463,47,621,2635,2002,August,1487,942,832,312,2535,562,609,1379,1463,1262,7760,19144
2001,March,12,29,59,97,409,176,1395,2176,2001,March,2621,1354,977,607,3363,2042,637,945,409,1545,8883,23384
2001,January,85,44,35,136,1542,149,641,2632,2001,January,1868,1001,1252,578,2749,1192,1005,1068,1542,1164,7320,20741
2001,February,56,97,37,244,258,121,1295,2108,2001,February,2167,1118,1069,722,3503,2043,706,807,258,717,7483,20592
2001,December,26,59,24,200,509,104,2149,3072,2001,December,1440,349,589,296,1772,814,539,932,509,1309,7462,16009
2001,April,8,32,203,453,321,40,1317,2374,2001,April,3316,544,815,523,4126,2063,731,914,321,802,8490,22646
2001,May,24,31,33,164,619,52,1324,2247,2001,May,2220,8217,716,440,3524,838,534,1477,619,1142,8480,28207
2001,June,16,17,186,246,435,72,1336,2308,2001,June,1813,8544,1068,930,3787,1621,1445,839,435,982,7985,29449
2001,July,25,68,37,379,633,105,1395,2641,2001,July,1929,8400,761,526,3655,1408,1176,1113,633,1054,8324,28978
2001,August,30,64,145,446,604,38,1535,2862,2001,August,1956,1073,851,480,2482,1245,657,1098,604,1221,10167,21833
2001,September,30,60,39,270,388,58,740,1585,2001,September,1429,4529,1138,382,4211,795,1332,822,388,1175,7127,23328
2001,October,143,54,66,216,1388,71,1801,3738,2001,October,1835,2220,878,755,2119,1399,692,1147,1388,1514,11100,25048
2001,November,39,35,78,311,625,130,1302,2519,2001,November,1710,940,786,532,2993,577,1059,987,625,1021,8015,19246
2000,May,26,64,18,255,1009,53,105,1530,2000,May,3151,850,1113,380,2157,591,705,109,1009,1929,8881,20875
2000,April,9,30,6,212,846,20,39,1163,2000,April,2100,838,577,671,3357,293,692,728,846,871,4698,15673
2000,March,27,75,30,204,1131,48,92,1607,2000,March,1897,1069,860,294,3211,3878,437,943,1131,864,6957,21541
2000,February,26,31,19,30,1048,40,82,1276,2000,February,1419,1185,941,337,2195,1827,768,535,1048,903,5203,16360
2000,January,37,31,13,89,1337,64,84,1655,2000,January,1853,868,644,386,4281,88,435,816,1337,844,5645,17197
2000,June,47,76,24,139,1056,49,71,1462,2000,June,2047,306,587,704,3089,441,674,882,1056,1215,8872,19871
2000,July,36,54,9,137,1283,88,223,1831,2000,July,2321,1315,521,933,5779,3137,748,858,1283,1126,5332,23352
2000,August,40,81,17,65,2029,28,207,2467,2000,August,2670,560,553,830,6294,365,897,825,2029,1429,8059,24511
2000,September,37,113,65,109,1755,42,128,2250,2000,September,1852,961,703,437,4216,901,505,809,1755,820,8288,21245
2000,October,40,182,24,127,1624,47,469,2514,2000,October,2284,829,518,774,5265,2199,866,1040,1624,904,6824,23128
2000,November,100,55,66,66,1968,97,164,2516,2000,November,2274,617,1041,516,6297,978,984,904,1968,1066,9872,26517
2000,December,92,135,19,164,1500,56,331,2295,2000,December,1269,684,657,944,2073,307,586,713,1500,544,8258,17534
1999,April,13,42,9,111,1620,15,386,2197,1999,April,1896,1050,692,332,458,1620,383,835,1620,1145,7263,15739
1999,March,24,67,15,22,1390,20,372,1910,1999,March,1885,522,2228,445,1786,1390,410,704,1390,1312,7195,17985
1999,February,13,39,11,303,1380,22,154,1920,1999,February,2489,4269,631,248,692,1380,360,739,1380,1003,5473,17322
1999,January,7,27,4,13,852,33,84,1021,1999,January,1712,953,909,324,960,852,475,772,852,1283,4823,13453
1999,August,82,33,10,61,1279,16,145,1626,1999,August,1589,1491,859,607,1955,1279,456,798,1279,1266,5020,15395
1999,May,5,22,95,91,1243,10,280,1746,1999,May,1461,502,1091,317,315,1243,574,694,1243,1054,7336,14783
1999,June,29,48,21,125,1409,25,133,1790,1999,June,1815,509,673,665,313,1409,805,705,1409,1006,6127,14143
1999,July,28,33,9,170,1738,47,64,2089,1999,July,2311,513,944,518,319,1738,566,725,1738,1447,6784,15958
1999,September,101,41,1,144,2107,44,267,2705,1999,September,1677,1137,700,281,401,2107,795,774,2107,1485,7915,17419
1999,October,3,33,6,102,939,51,107,1240,1999,October,1628,719,492,309,1602,939,569,673,939,1444,5478,13978
1999,November,3,44,16,98,1277,30,128,1597,1999,November,2866,693,835,435,2851,1277,934,837,1277,1522,8423,20781
1999,December,0,52,18,133,1900,58,85,2247,1999,December,1794,832,1157,333,2362,1900,412,741,1900,1384,6417,17515
1998,May,12,39,2,16,942,16,26,1052,1998,May,1836,3737,732,408,779,726,393,695,942,1198,6030,16622
1998,April,5,33,14,9,1247,12,68,1389,1998,April,1582,2070,700,342,1241,594,1066,906,1247,1219,6313,16099
1998,March,6,79,18,18,1283,46,26,1474,1998,March,1987,2800,807,399,623,1119,698,554,1283,1332,6665,17535
1998,February,4,25,8,17,1224,142,65,1485,1998,February,1725,689,948,432,1919,1213,585,517,1224,1057,6251,15566
1998,June,5,32,5,52,1326,59,95,1573,1998,June,1768,879,1122,504,2438,318,639,852,1326,1125,6830,16581
1998,July,8,22,22,29,1502,70,253,1905,1998,July,2503,908,853,345,1282,663,856,759,1502,1171,7743,17493
1998,August,0,47,12,5,1029,24,35,1153,1998,August,2282,1039,917,516,842,705,539,801,1029,911,6811,15523
1998,September,2,56,21,10,973,19,81,1162,1998,September,1958,375,957,408,1333,1024,669,825,973,2470,6526,16949
1998,November,9,61,1,9,1118,25,188,1410,1998,November,2249,844,807,389,719,720,610,662,1118,1009,5682,13820
1998,December,2,105,0,51,998,36,310,1502,1998,December,2074,596,1271,397,1657,2976,681,663,998,1396,6029,18046
1998,January,2,39,13,16,1229,30,109,1438,1998,January,1871,1273,1178,543,2873,1169,847,598,1229,1059,4959,16634
1998,October,5,55,13,11,1360,38,78,1560,1998,October,2648,1297,855,424,2105,1162,447,820,1360,1758,5308,17170